bottleneck_id,latitude,longitude,route_segment,distributor_network,estimated_demand_kw,grid_status
FRIC_001,42.894294,-2.176247,A-1,i-DE,300,Congested
FRIC_002,43.077224,-2.15832,A-1,i-DE,300,Congested
FRIC_003,42.950671,-2.227447,A-1,i-DE,300,Congested
FRIC_004,40.521353,-3.651647,A-1,i-DE,300,Congested
FRIC_005,41.048016,-3.615793,A-1,i-DE,300,Congested
FRIC_006,40.761208,-3.602299,A-1,i-DE,300,Congested
FRIC_007,40.980956,-3.638418,A-1,i-DE,300,Congested
FRIC_008,40.754671,-3.595726,A-1,i-DE,300,Congested
FRIC_009,41.239398,-3.590393,A-1,i-DE,300,Congested
FRIC_010,41.437637,-3.677911,A-1,i-DE,300,Congested
FRIC_011,42.919513,-2.022926,A-10,i-DE,300,Congested
FRIC_012,42.921752,-1.986174,A-10,i-DE,300,Congested
FRIC_013,41.688664,-2.813445,A-11,i-DE,300,Congested
FRIC_014,41.521136,-5.210076,A-11,i-DE,300,Congested
FRIC_015,41.642225,-2.923258,A-11,i-DE,300,Congested
FRIC_016,41.521435,-5.2246,A-11,i-DE,300,Congested
FRIC_017,41.655179,-4.366859,A-11,i-DE,300,Congested
FRIC_018,41.555288,-5.60311,A-11,i-DE,300,Congested
FRIC_019,41.530999,-5.27819,A-11,i-DE,300,Congested
FRIC_020,41.469138,-1.09939,A-1101,Endesa,300,Congested
FRIC_021,41.780658,-0.833595,A-1102,Endesa,300,Congested
FRIC_022,42.116181,-0.934261,A-1103,Endesa,300,Congested
FRIC_023,41.551426,-0.206478,A-1104,Endesa,300,Congested
FRIC_024,41.398704,-0.476744,A-1105,Endesa,300,Congested
FRIC_025,41.821513,-0.768514,A-1106,Endesa,300,Congested
FRIC_026,41.510087,-0.489621,A-1107,Endesa,300,Congested
FRIC_027,41.325828,-2.146576,A-116,Endesa,300,Congested
FRIC_028,42.678502,-1.922298,A-12,i-DE,300,Congested
FRIC_029,42.571912,-2.161085,A-12,i-DE,300,Congested
FRIC_030,42.689835,-1.799708,A-12,i-DE,300,Congested
FRIC_031,42.433174,-2.802019,A-12,i-DE,300,Congested
FRIC_032,42.441941,-2.551387,A-12,i-DE,300,Congested
FRIC_033,41.623928,-0.984306,A-120,Endesa,300,Congested
FRIC_034,42.138696,-1.137775,A-1204,Endesa,300,Congested
FRIC_035,42.39144,-0.740241,A-1205,Endesa,300,Congested
FRIC_036,42.213587,-0.551814,A-1206,Endesa,300,Congested
FRIC_037,42.214404,-0.554558,A-1207,Endesa,300,Congested
FRIC_038,41.992618,-0.666439,A-1209,Endesa,300,Congested
FRIC_039,41.546248,-1.391616,A-121,Endesa,300,Congested
FRIC_040,41.809209,-0.190781,A-1210,Endesa,300,Congested
FRIC_041,42.034214,-0.573701,A-1211,Endesa,300,Congested
FRIC_042,42.103522,-0.382813,A-1213,Endesa,300,Congested
FRIC_043,42.097531,-0.363717,A-1217,Endesa,300,Congested
FRIC_044,42.122298,-0.288536,A-1218,Endesa,300,Congested
FRIC_045,41.657472,-1.257212,A-122,Endesa,300,Congested
FRIC_046,42.113841,-0.233276,A-1222,Endesa,300,Congested
FRIC_047,41.902663,-0.162075,A-1223,Endesa,300,Congested
FRIC_048,42.001872,0.094998,A-1226,Endesa,300,Congested
FRIC_049,42.145543,-0.330744,A-1227,Endesa,300,Congested
FRIC_050,42.091808,-0.096443,A-1229,Endesa,300,Congested
FRIC_051,41.624058,-1.301758,A-122a,Endesa,300,Congested
FRIC_052,41.865104,-0.764249,A-123,Endesa,300,Congested
FRIC_053,42.052975,-0.02188,A-1231,Endesa,300,Congested
FRIC_054,42.034707,0.10905,A-1232,Endesa,300,Congested
FRIC_055,41.918194,0.179872,A-1234,Endesa,300,Congested
FRIC_056,41.722648,0.114622,A-1235,Endesa,300,Congested
FRIC_057,41.950855,0.183223,A-1236,Endesa,300,Congested
FRIC_058,41.922836,0.211994,A-1237,Endesa,300,Congested
FRIC_059,41.901445,0.20591,A-1238,Endesa,300,Congested
FRIC_060,41.762702,0.228606,A-1239,Endesa,300,Congested
FRIC_061,42.037133,-0.880763,A-124,Endesa,300,Congested
FRIC_062,41.919925,0.468456,A-1240,Endesa,300,Congested
FRIC_063,41.769901,0.375314,A-1241,Endesa,300,Congested
FRIC_064,42.131681,-1.12127,A-125,Endesa,300,Congested
FRIC_065,41.912456,-1.316922,A-126,Endesa,300,Congested
FRIC_066,42.351155,-1.295209,A-127,Endesa,300,Congested
FRIC_067,42.317418,-1.288242,A-127,Endesa,300,Congested
FRIC_068,41.910086,-1.272226,A-127a,Endesa,300,Congested
FRIC_069,41.822983,-0.523476,A-129,Endesa,300,Congested
FRIC_070,42.453653,-2.439388,A-13,i-DE,300,Congested
FRIC_071,41.854985,0.115222,A-130,Endesa,300,Congested
FRIC_072,41.641612,-1.291255,A-1303,Endesa,300,Congested
FRIC_073,41.40881,-1.175594,A-1304,Endesa,300,Congested
FRIC_074,41.598594,-1.284743,A-1305,Endesa,300,Congested
FRIC_075,41.195418,-1.298758,A-1306,Endesa,300,Congested
FRIC_076,41.29886,-0.7431,A-1307,Endesa,300,Congested
FRIC_077,41.933996,-0.178686,A-131,Endesa,300,Congested
FRIC_078,42.037934,-0.314993,A-131,Endesa,300,Congested
FRIC_079,42.205725,-0.536601,A-132,Endesa,300,Congested
FRIC_080,41.895871,0.321605,A-133,Endesa,300,Congested
FRIC_081,42.645036,-0.107023,A-135,Endesa,300,Congested
FRIC_082,42.785518,-0.391385,A-136,Endesa,300,Congested
FRIC_083,42.679499,-1.010658,A-137,i-DE,300,Congested
FRIC_084,42.540875,0.158489,A-138,Endesa,300,Congested
FRIC_085,42.08703,0.222184,A-138,Endesa,300,Congested
FRIC_086,42.585126,0.485723,A-139,Endesa,300,Congested
FRIC_087,41.658312,0.587073,A-14,Endesa,300,Congested
FRIC_088,41.80503,0.561981,A-14-R2,Endesa,300,Congested
FRIC_089,41.846919,0.291865,A-140,Endesa,300,Congested
FRIC_090,41.092696,-0.500807,A-1401,Endesa,300,Congested
FRIC_091,40.98381,-0.450116,A-1402,Endesa,300,Congested
FRIC_092,40.722851,-0.847779,A-1403,Endesa,300,Congested
FRIC_093,41.287437,-0.492423,A-1404,Endesa,300,Congested
FRIC_094,41.214208,-0.468061,A-1405,Endesa,300,Congested
FRIC_095,41.178649,-0.453139,A-1406,Endesa,300,Congested
FRIC_096,40.974023,-0.434787,A-1407,Endesa,300,Congested
FRIC_097,41.016691,-0.205312,A-1408,Endesa,300,Congested
FRIC_098,41.044759,-0.130757,A-1409,Endesa,300,Congested
FRIC_099,40.967581,-0.015019,A-1410,Endesa,300,Congested
FRIC_100,41.129629,0.129904,A-1411,Endesa,300,Congested
FRIC_101,41.001299,0.120387,A-1412,Endesa,300,Congested
FRIC_102,40.888424,0.200926,A-1413,Endesa,300,Congested
FRIC_103,41.103053,-0.316207,A-1415,Endesa,300,Congested
FRIC_104,40.845443,-0.550339,A-1416,Endesa,300,Congested
FRIC_105,42.938964,-1.824946,A-15,i-DE,300,Congested
FRIC_106,43.031631,-1.931037,A-15,i-DE,300,Congested
FRIC_107,43.238894,-2.00237,A-15,i-DE,300,Congested
FRIC_108,41.403347,-2.479257,A-15,i-DE,300,Congested
FRIC_109,41.415558,-2.487262,A-15,i-DE,300,Congested
FRIC_110,41.878375,-1.887303,A-15,Endesa,300,Congested
FRIC_111,43.116854,-1.964046,A-15-141,i-DE,300,Congested
FRIC_112,43.201756,-2.037739,A-15-156,i-DE,300,Congested
FRIC_113,43.225636,-2.023227,A-15-159,i-DE,300,Congested
FRIC_114,43.231104,-2.006112,A-15-160,i-DE,300,Congested
FRIC_115,43.244464,-1.998201,A-15-162,i-DE,300,Congested
FRIC_116,43.257386,-1.988122,A-15-164,i-DE,300,Congested
FRIC_117,43.266155,-1.965024,A-15-166,i-DE,300,Congested
FRIC_118,43.268893,-1.956913,A-15-167,i-DE,300,Congested
FRIC_119,41.582926,-1.951366,A-1502,Endesa,300,Congested
FRIC_120,41.413099,-1.506952,A-1503,Endesa,300,Congested
FRIC_121,41.341385,-1.226018,A-1504,Endesa,300,Congested
FRIC_122,41.287652,-0.732179,A-1506,Endesa,300,Congested
FRIC_123,40.870834,-0.955678,A-1508,Endesa,300,Congested
FRIC_124,40.753826,-1.332994,A-1509,Endesa,300,Congested
FRIC_125,40.627024,-1.000703,A-1510,Endesa,300,Congested
FRIC_126,40.387697,-1.181465,A-1512,Endesa,300,Congested
FRIC_127,40.35306,-1.132573,A-1513,Endesa,300,Congested
FRIC_128,40.123161,-0.769686,A-1514,Endesa,300,Congested
FRIC_129,40.120538,-0.740892,A-1515,Endesa,300,Congested
FRIC_130,42.503213,-1.216444,A-1601,i-DE,300,Congested
FRIC_131,42.735738,-0.815362,A-1602,Endesa,300,Congested
FRIC_132,42.524121,-0.673147,A-1603,Endesa,300,Congested
FRIC_133,42.45002,0.0577,A-1604,Endesa,300,Congested
FRIC_134,42.192103,0.339221,A-1605,Endesa,300,Congested
FRIC_135,40.843378,-0.551451,A-1702,Endesa,300,Congested
FRIC_136,42.602695,-0.730432,A-176,Endesa,300,Congested
FRIC_137,40.73456,-3.585849,A-1A,i-DE,300,Congested
FRIC_138,41.657268,1.174517,A-2,Endesa,300,Congested
FRIC_139,40.629964,-3.149237,A-2,i-DE,300,Congested
FRIC_140,41.034632,-2.465988,A-2,i-DE,300,Congested
FRIC_141,40.622172,-3.163362,A-2,i-DE,300,Congested
FRIC_142,40.973755,-2.617474,A-2,i-DE,300,Congested
FRIC_143,40.957636,-2.664054,A-2,i-DE,300,Congested
FRIC_144,41.639112,1.05631,A-2,Endesa,300,Congested
FRIC_145,41.639127,0.773748,A-2,Endesa,300,Congested
FRIC_146,41.652492,0.574529,A-2,Endesa,300,Congested
FRIC_147,41.635627,1.338619,A-2,Endesa,300,Congested
FRIC_148,40.470457,-3.425684,A-2,i-DE,300,Congested
FRIC_149,40.459702,-3.500178,A-2,i-DE,300,Congested
FRIC_150,40.449927,-3.58749,A-2,i-DE,300,Congested
FRIC_151,40.778619,-2.988287,A-2,i-DE,300,Congested
FRIC_152,40.646987,-3.142096,A-2,i-DE,300,Congested
FRIC_153,41.151707,-2.425984,A-2,i-DE,300,Congested
FRIC_154,41.41243,-1.508578,A-2,Endesa,300,Congested
FRIC_155,41.679504,-0.865008,A-2,Endesa,300,Congested
FRIC_156,41.623186,-0.717135,A-2,Endesa,300,Congested
FRIC_157,41.310056,-1.918617,A-2,Endesa,300,Congested
FRIC_158,41.544617,-1.143023,A-2,Endesa,300,Congested
FRIC_159,41.618448,-1.032579,A-2,Endesa,300,Congested
FRIC_160,41.629999,-0.991493,A-2,Endesa,300,Congested
FRIC_161,41.617156,-1.055045,A-2,Endesa,300,Congested
FRIC_162,36.712809,-6.148489,A-2000,Endesa,300,Congested
FRIC_163,36.630162,-6.199035,A-2002,Endesa,300,Congested
FRIC_164,36.657347,-6.085038,A-2004,Endesa,300,Congested
FRIC_165,41.337288,-1.66207,A-202,Endesa,300,Congested
FRIC_166,36.690718,-6.201235,A-2078,Endesa,300,Congested
FRIC_167,42.759373,-1.631062,A-21,i-DE,300,Congested
FRIC_168,42.713637,-1.517674,A-21,i-DE,300,Congested
FRIC_169,42.564071,-0.603402,A-21,Endesa,300,Congested
FRIC_170,36.285133,-5.312186,A-2100,Endesa,300,Congested
FRIC_171,41.514,-1.037625,A-2101,Endesa,300,Congested
FRIC_172,36.298308,-5.282784,A-2102,Endesa,300,Congested
FRIC_173,36.290989,-5.304774,A-2103,Endesa,300,Congested
FRIC_174,41.479414,-0.15047,A-2105,Endesa,300,Congested
FRIC_175,41.108401,-1.415286,A-211,Endesa,300,Congested
FRIC_176,42.09629,-0.118536,A-22,Endesa,300,Congested
FRIC_177,42.082248,-0.077266,A-22,Endesa,300,Congested
FRIC_178,42.114913,-0.232987,A-22,Endesa,300,Congested
FRIC_179,41.717251,0.43024,A-22,Endesa,300,Congested
FRIC_180,41.716799,0.449987,A-22-R1,Endesa,300,Congested
FRIC_181,41.740002,0.421524,A-22-R2,Endesa,300,Congested
FRIC_182,41.335458,-1.213912,A-220,Endesa,300,Congested
FRIC_183,36.722624,-5.917885,A-2200,Endesa,300,Congested
FRIC_184,36.746323,-5.866046,A-2202,Endesa,300,Congested
FRIC_185,42.100763,-0.148117,A-2203,Endesa,300,Congested
FRIC_186,42.407961,0.25538,A-2206,Endesa,300,Congested
FRIC_187,41.254771,-0.198239,A-221,Endesa,300,Congested
FRIC_188,42.141395,0.225583,A-2210,Endesa,300,Congested
FRIC_189,42.159232,0.325796,A-2211,Endesa,300,Congested
FRIC_190,41.791367,-0.147272,A-2212,Endesa,300,Congested
FRIC_191,41.499204,-0.045609,A-2213,Endesa,300,Congested
FRIC_192,41.509591,0.065886,A-2214,Endesa,300,Congested
FRIC_193,42.046626,0.462934,A-2216,Endesa,300,Congested
FRIC_194,41.758897,0.407051,A-2217,Endesa,300,Congested
FRIC_195,41.981321,0.490058,A-2218,Endesa,300,Congested
FRIC_196,41.837494,0.548954,A-2219,Endesa,300,Congested
FRIC_197,41.533277,-0.696971,A-222,Endesa,300,Congested
FRIC_198,41.025237,-0.808895,A-222,Endesa,300,Congested
FRIC_199,41.83228,0.2247,A-2220,Endesa,300,Congested
FRIC_200,36.298105,-5.593842,A-2226,Endesa,300,Congested
FRIC_201,36.209968,-5.788785,A-2227,Endesa,600,Moderate
FRIC_202,41.458431,-0.722178,A-222a,Endesa,300,Congested
FRIC_203,41.150613,-0.561633,A-223,Endesa,300,Congested
FRIC_204,36.289783,-6.063796,A-2232,Endesa,600,Moderate
FRIC_205,36.438821,-5.721646,A-2236,Endesa,300,Congested
FRIC_206,41.169353,-0.463063,A-224,Endesa,300,Congested
FRIC_207,40.825064,-0.202837,A-225,Endesa,300,Congested
FRIC_208,40.915521,-0.231081,A-226,Endesa,300,Congested
FRIC_209,40.474444,-0.78629,A-226,Endesa,300,Congested
FRIC_210,40.467704,-0.309864,A-227,i-DE,300,Congested
FRIC_211,40.158994,-0.770129,A-228,Endesa,300,Congested
FRIC_212,39.81638,-0.441635,A-23,i-DE,300,Congested
FRIC_213,40.10842,-0.728077,A-23,Endesa,300,Congested
FRIC_214,40.27405,-0.98434,A-23,Endesa,300,Congested
FRIC_215,40.431708,-1.210853,A-23,Endesa,300,Congested
FRIC_216,40.508202,-1.25422,A-23,Endesa,300,Congested
FRIC_217,40.279381,-0.987875,A-23,Endesa,300,Congested
FRIC_218,39.697459,-0.345076,A-23,i-DE,300,Congested
FRIC_219,42.03256,-0.582251,A-23,Endesa,300,Congested
FRIC_220,42.170214,-0.429793,A-23,Endesa,300,Congested
FRIC_221,42.142529,-0.431159,A-23,Endesa,300,Congested
FRIC_222,40.000356,-0.689392,A-23,i-DE,300,Congested
FRIC_223,39.8011,-0.419261,A-23,i-DE,300,Congested
FRIC_224,41.306873,-1.211703,A-23,Endesa,300,Congested
FRIC_225,41.289874,-1.225607,A-23,Endesa,300,Congested
FRIC_226,41.581584,-0.957127,A-23,Endesa,300,Congested
FRIC_227,41.702087,-0.839141,A-23,Endesa,300,Congested
FRIC_228,41.536817,-0.192304,A-230,Endesa,300,Congested
FRIC_229,41.455967,-1.467649,A-2302,Endesa,300,Congested
FRIC_230,41.640178,-1.287492,A-2304,Endesa,300,Congested
FRIC_231,41.33639,-0.931662,A-2305,Endesa,300,Congested
FRIC_232,41.030365,-0.806731,A-2306,Endesa,300,Congested
FRIC_233,41.204834,-0.712162,A-2307,Endesa,300,Congested
FRIC_234,42.346565,-4.708701,A-231,i-DE,300,Congested
FRIC_235,42.382669,-5.04142,A-231,i-DE,300,Congested
FRIC_236,42.456723,-5.480678,A-231,i-DE,300,Congested
FRIC_237,42.369646,-4.538241,A-231,i-DE,300,Congested
FRIC_238,40.961155,-0.008678,A-231,Endesa,300,Congested
FRIC_239,40.232972,-0.895465,A-232,Endesa,300,Congested
FRIC_240,36.078398,-5.690496,A-2325,Endesa,300,Congested
FRIC_241,40.869109,-0.935388,A-2401,Endesa,300,Congested
FRIC_242,40.804367,-0.699377,A-2402,Endesa,300,Congested
FRIC_243,40.625075,-0.784871,A-2403,Endesa,300,Congested
FRIC_244,41.034243,-0.18537,A-2405,Endesa,300,Congested
FRIC_245,40.930304,-0.207834,A-2406,Endesa,300,Congested
FRIC_246,41.010395,-0.086928,A-2407,Endesa,300,Congested
FRIC_247,40.889369,-0.033254,A-2409,Endesa,300,Congested
FRIC_248,41.346372,-0.088051,A-2410,Endesa,300,Congested
FRIC_249,40.871787,0.161447,A-2412,Endesa,300,Congested
FRIC_250,41.520552,0.36546,A-242,Endesa,300,Congested
FRIC_251,41.305621,-1.969316,A-2501,Endesa,300,Congested
FRIC_252,41.298565,-1.884692,A-2502,Endesa,300,Congested
FRIC_253,41.212566,-1.789024,A-2503,Endesa,300,Congested
FRIC_254,41.4331,-1.73229,A-2504,Endesa,300,Congested
FRIC_255,41.210791,-1.775144,A-2506,Endesa,300,Congested
FRIC_256,41.255156,-1.580723,A-2507,Endesa,300,Congested
FRIC_257,41.193713,-1.301056,A-2509,Endesa,300,Congested
FRIC_258,41.091302,-1.290666,A-2510,Endesa,300,Congested
FRIC_259,41.052724,-1.278518,A-2511,Endesa,300,Congested
FRIC_260,40.969092,-1.311799,A-2512,Endesa,300,Congested
FRIC_261,40.979889,-0.832298,A-2514,Endesa,300,Congested
FRIC_262,40.457572,-1.235646,A-2515,Endesa,300,Congested
FRIC_263,42.204918,2.704591,A-26,Endesa,300,Congested
FRIC_264,42.508455,-0.81507,A-2602,Endesa,300,Congested
FRIC_265,42.727032,-0.30724,A-2606,Endesa,300,Congested
FRIC_266,42.584998,0.217233,A-2609,Endesa,300,Congested
FRIC_267,42.638917,0.215082,A-2611,Endesa,300,Congested
FRIC_268,42.205643,0.347011,A-2612,Endesa,300,Congested
FRIC_269,42.61767,0.535963,A-2617,Endesa,300,Congested
FRIC_270,39.529312,-1.56361,A-3,i-DE,300,Congested
FRIC_271,39.480733,-0.453854,A-3,i-DE,300,Congested
FRIC_272,39.523858,-1.141933,A-3,i-DE,300,Congested
FRIC_273,39.525851,-1.40965,A-3,i-DE,300,Congested
FRIC_274,39.465679,-0.421176,A-3,i-DE,300,Congested
FRIC_275,40.359841,-3.560287,A-3,i-DE,300,Congested
FRIC_276,39.515695,-1.722353,A-3,i-DE,300,Congested
FRIC_277,39.623499,-2.30294,A-3,i-DE,300,Congested
FRIC_278,39.874646,-2.623665,A-3,i-DE,300,Congested
FRIC_279,39.478168,-2.105049,A-3,i-DE,300,Congested
FRIC_280,39.862127,-2.56575,A-3,i-DE,300,Congested
FRIC_281,40.064136,-3.079574,A-3,i-DE,300,Congested
FRIC_282,40.347643,-3.544926,A-3,i-DE,300,Congested
FRIC_283,40.35689,-3.554414,A-3,i-DE,300,Congested
FRIC_284,40.18867,-3.29889,A-3,i-DE,300,Congested
FRIC_285,40.354476,-3.550787,A-3,i-DE,300,Congested
FRIC_286,39.671853,-2.376482,A-3,i-DE,300,Congested
FRIC_287,37.941346,-1.150298,A-30,i-DE,300,Congested
FRIC_288,38.151581,-1.283386,A-30,i-DE,300,Congested
FRIC_289,38.339574,-1.502001,A-30,i-DE,300,Congested
FRIC_290,37.865219,-1.121136,A-30,i-DE,300,Congested
FRIC_291,38.237482,-3.518569,A-301,Endesa,300,Congested
FRIC_292,38.024389,-3.777363,A-302,Endesa,300,Congested
FRIC_293,38.178896,-3.696195,A-303,Endesa,300,Congested
FRIC_294,37.50436,-4.641956,A-304,Endesa,300,Congested
FRIC_295,37.622299,-4.300926,A-305,Endesa,300,Congested
FRIC_296,37.870551,-4.803835,A-3050,Endesa,300,Congested
FRIC_297,37.843817,-4.799705,A-3051,Endesa,300,Congested
FRIC_298,37.713326,-4.866215,A-3052,Endesa,300,Congested
FRIC_299,37.879803,-4.207326,A-306,Endesa,300,Congested
FRIC_300,37.673479,-4.558628,A-307,Endesa,300,Congested
FRIC_301,38.096858,-4.870657,A-3075,Endesa,300,Congested
FRIC_302,37.411971,-3.356558,A-308,Endesa,300,Congested
FRIC_303,38.008617,-4.380869,A-309,Endesa,300,Congested
FRIC_304,39.386874,-2.203598,A-31,i-DE,300,Congested
FRIC_305,37.986984,-4.278402,A-3101,Endesa,300,Congested
FRIC_306,38.031595,-4.064219,A-311,Endesa,300,Congested
FRIC_307,38.094618,-3.679766,A-312,Endesa,300,Congested
FRIC_308,37.592981,-4.299316,A-3128,Endesa,300,Congested
FRIC_309,37.480608,-4.462593,A-3129,Endesa,300,Congested
FRIC_310,37.398361,-4.582018,A-3131,Endesa,300,Congested
FRIC_311,37.398622,-4.583608,A-3132,Endesa,300,Congested
FRIC_312,36.232612,-5.949619,A-314,Endesa,600,Moderate
FRIC_313,37.509138,-2.805621,A-315,Endesa,300,Congested
FRIC_314,37.983664,-3.487134,A-316,Endesa,300,Congested
FRIC_315,37.835986,-3.607166,A-316,Endesa,300,Congested
FRIC_316,38.007075,-3.429247,A-316,Endesa,300,Congested
FRIC_317,37.73174,-3.972705,A-316,Endesa,300,Congested
FRIC_318,37.810635,-3.789777,A-316R1,Endesa,300,Congested
FRIC_319,37.710655,-3.984661,A-316R2,Endesa,300,Congested
FRIC_320,37.958057,-2.434337,A-317,Endesa,300,Congested
FRIC_321,38.277703,-5.201004,A-3175,Endesa,300,Congested
FRIC_322,38.127371,-4.903922,A-3176,Endesa,300,Congested
FRIC_323,37.438432,-4.469904,A-318,Endesa,300,Congested
FRIC_324,37.399561,-4.763195,A-318,Endesa,300,Congested
FRIC_325,37.414211,-4.503407,A-318a,Endesa,300,Congested
FRIC_326,38.140903,-3.033369,A-32,Endesa,300,Congested
FRIC_327,38.030865,-3.346088,A-32,Endesa,300,Congested
FRIC_328,38.033224,-3.33268,A-32,Endesa,300,Congested
FRIC_329,37.813652,-3.370049,A-320,Endesa,300,Congested
FRIC_330,38.591965,-4.90603,A-3200,Endesa,300,Congested
FRIC_331,37.265676,-4.533947,A-3228,Endesa,300,Congested
FRIC_332,37.649355,-3.420762,A-324,Endesa,300,Congested
FRIC_333,37.320544,-3.138817,A-325,Endesa,300,Congested
FRIC_334,37.317758,-3.137505,A-325R1,Endesa,300,Congested
FRIC_335,38.301293,-5.334045,A-3276,Endesa,300,Congested
FRIC_336,37.165681,-4.181264,A-328,Endesa,300,Congested
FRIC_337,38.305141,-1.307496,A-33,i-DE,300,Congested
FRIC_338,38.281088,-1.32032,A-33,i-DE,300,Congested
FRIC_339,37.716012,-2.554231,A-330,Endesa,300,Congested
FRIC_340,37.578899,-4.160232,A-333,Endesa,300,Congested
FRIC_341,37.433816,-2.703573,A-334,Endesa,300,Congested
FRIC_342,37.454207,-2.736958,A-334R2,Endesa,300,Congested
FRIC_343,37.183315,-3.953183,A-335,Endesa,300,Congested
FRIC_344,37.260749,-3.771667,A-336,Endesa,300,Congested
FRIC_345,37.124895,-3.692725,A-338,Endesa,300,Congested
FRIC_346,37.462368,-3.956478,A-339,Endesa,300,Congested
FRIC_347,37.462946,-3.948747,A-339R1,Endesa,300,Congested
FRIC_348,37.162098,-4.186742,A-341,Endesa,300,Congested
FRIC_349,37.471768,-4.467004,A-342,Endesa,300,Congested
FRIC_350,36.752945,-3.170384,A-345,Endesa,300,Congested
FRIC_351,36.851115,-3.506231,A-346,Endesa,300,Congested
FRIC_352,36.922651,-3.5287,A-348,Endesa,300,Congested
FRIC_353,37.229896,-5.114711,A-351,Endesa,300,Congested
FRIC_354,37.284236,-4.856426,A-353,Endesa,300,Congested
FRIC_355,36.819826,-4.795447,A-357,Endesa,300,Congested
FRIC_356,36.883996,-4.844718,A-357R1,Endesa,300,Congested
FRIC_357,36.861072,-4.833371,A-357R2,Endesa,300,Congested
FRIC_358,37.328279,-5.816291,A-360,Endesa,300,Congested
FRIC_359,37.274611,-5.448219,A-361,Endesa,300,Congested
FRIC_360,37.158984,-5.910191,A-362,Endesa,300,Congested
FRIC_361,37.505558,-5.1415,A-364,Endesa,300,Congested
FRIC_362,37.197275,-4.793886,A-365,Endesa,300,Congested
FRIC_363,36.937653,-4.864804,A-367,Endesa,300,Congested
FRIC_364,36.921436,-4.844503,A-367R1,Endesa,300,Congested
FRIC_365,36.58697,-4.594674,A-368,Endesa,300,Congested
FRIC_366,36.966823,-5.867611,A-371,Endesa,300,Congested
FRIC_367,37.160371,-5.786492,A-375,Endesa,300,Congested
FRIC_368,37.258561,-5.848066,A-376,Endesa,300,Congested
FRIC_369,36.380354,-5.26564,A-377,Endesa,300,Congested
FRIC_370,37.370557,-4.792573,A-379,Endesa,300,Congested
FRIC_371,39.251781,-0.358,A-38,i-DE,600,Moderate
FRIC_372,36.387749,-5.65248,A-381,Endesa,300,Congested
FRIC_373,36.636709,-6.076345,A-381,Endesa,300,Congested
FRIC_374,36.448948,-5.748349,A-381,Endesa,300,Congested
FRIC_375,36.468059,-5.854091,A-381,Endesa,300,Congested
FRIC_376,36.713626,-5.951422,A-382,Endesa,300,Congested
FRIC_377,36.718168,-6.009295,A-382a,Endesa,300,Congested
FRIC_378,36.21527,-5.349492,A-383,Endesa,300,Congested
FRIC_379,37.070381,-4.595024,A-384,Endesa,300,Congested
FRIC_380,37.087014,-3.648599,A-385,Endesa,300,Congested
FRIC_381,37.610393,-4.692266,A-386,Endesa,300,Congested
FRIC_382,36.549553,-4.627699,A-387,Endesa,300,Congested
FRIC_383,37.363635,-4.8254,A-388,Endesa,300,Congested
FRIC_384,37.315371,-5.878169,A-392,Endesa,300,Congested
FRIC_385,37.108069,-5.800272,A-394,Endesa,300,Congested
FRIC_386,37.092169,-3.387547,A-395,Endesa,300,Congested
FRIC_387,37.099525,-3.406702,A-395R1,Endesa,300,Congested
FRIC_388,37.107254,-3.411955,A-395R2,Endesa,300,Congested
FRIC_389,36.469973,-5.853714,A-396,Endesa,300,Congested
FRIC_390,36.498588,-4.999169,A-397,Endesa,300,Congested
FRIC_391,37.346279,-5.82607,A-398,Endesa,300,Congested
FRIC_392,36.722966,-6.098693,A-4,Endesa,300,Congested
FRIC_393,39.942268,-3.498221,A-4,i-DE,300,Congested
FRIC_394,40.095376,-3.633417,A-4,i-DE,300,Congested
FRIC_395,39.010929,-3.377179,A-4,Endesa,300,Congested
FRIC_396,39.225134,-3.412068,A-4,Endesa,300,Congested
FRIC_397,38.593715,-3.471312,A-4,Endesa,300,Congested
FRIC_398,38.816768,-3.395783,A-4,Endesa,300,Congested
FRIC_399,37.950076,-4.492773,A-4,Endesa,300,Congested
FRIC_400,37.74379,-4.849055,A-4,Endesa,300,Congested
FRIC_401,37.992342,-4.324544,A-4,Endesa,300,Congested
FRIC_402,37.825265,-4.795908,A-4,Endesa,300,Congested
FRIC_403,38.042117,-4.000623,A-4,Endesa,300,Congested
FRIC_404,38.196909,-3.670253,A-4,Endesa,300,Congested
FRIC_405,38.035825,-4.157303,A-4,Endesa,300,Congested
FRIC_406,40.035748,-3.66173,A-4,i-DE,300,Congested
FRIC_407,40.350717,-3.674966,A-4,i-DE,300,Congested
FRIC_408,36.656117,-6.168221,A-4,Endesa,300,Congested
FRIC_409,36.562819,-6.187432,A-4,Endesa,300,Congested
FRIC_410,36.721262,-6.101731,A-4,Endesa,300,Congested
FRIC_411,38.036584,-4.111726,A-4,Endesa,300,Congested
FRIC_412,40.243115,-3.689629,A-4,i-DE,300,Congested
FRIC_413,37.505793,-5.436339,A-4,Endesa,300,Congested
FRIC_414,37.460997,-5.736147,A-4,Endesa,300,Congested
FRIC_415,37.52846,-5.297905,A-4,Endesa,300,Congested
FRIC_416,37.587988,-4.984663,A-4,Endesa,300,Congested
FRIC_417,37.508624,-5.408915,A-4,Endesa,300,Congested
FRIC_418,37.469191,-5.713491,A-4,Endesa,300,Congested
FRIC_419,39.942858,-3.501794,A-40,i-DE,300,Congested
FRIC_420,39.968171,-3.192677,A-40,i-DE,300,Congested
FRIC_421,39.98571,-3.105498,A-40,i-DE,300,Congested
FRIC_422,40.046353,-4.358245,A-40,i-DE,300,Congested
FRIC_423,40.05637,-2.400413,A-40,i-DE,300,Congested
FRIC_424,40.061895,-2.860866,A-40,i-DE,300,Congested
FRIC_425,40.02339,-2.642304,A-40,i-DE,300,Congested
FRIC_426,40.03122,-2.683342,A-40,i-DE,300,Congested
FRIC_427,37.227524,-3.531567,A-4002,Endesa,300,Congested
FRIC_428,37.23936,-3.494398,A-4003,Endesa,300,Congested
FRIC_429,37.312284,-3.40807,A-4004,Endesa,300,Congested
FRIC_430,37.321337,-3.299807,A-4005,Endesa,300,Congested
FRIC_431,37.210537,-3.622911,A-4006,Endesa,300,Congested
FRIC_432,37.993081,-3.383713,A-401,Endesa,300,Congested
FRIC_433,37.132806,-3.435715,A-4025,Endesa,300,Congested
FRIC_434,37.15481,-3.496166,A-4026,Endesa,300,Congested
FRIC_435,37.18197,-3.950339,A-402R3,Endesa,300,Congested
FRIC_436,37.451266,-3.891371,A-403,Endesa,300,Congested
FRIC_437,37.451839,-3.88992,A-403R1,Endesa,300,Congested
FRIC_438,36.658149,-4.485829,A-404,Endesa,300,Congested
FRIC_439,36.205213,-5.413958,A-405,Endesa,300,Congested
FRIC_440,37.061853,-3.655858,A-4050,Endesa,300,Congested
FRIC_441,36.203051,-5.422247,A-405R2,Endesa,300,Congested
FRIC_442,37.191756,-3.754085,A-4075,Endesa,300,Congested
FRIC_443,37.287047,-3.671693,A-4076,Endesa,300,Congested
FRIC_444,36.537565,-6.168062,A-408,Endesa,300,Congested
FRIC_445,38.860469,-4.025163,A-41,Endesa,300,Congested
FRIC_446,38.875012,-4.009288,A-41,Endesa,300,Congested
FRIC_447,37.327963,-3.209291,A-4100,Endesa,300,Congested
FRIC_448,37.265069,-3.090836,A-4101,Endesa,300,Congested
FRIC_449,37.228702,-3.082313,A-4102,Endesa,300,Congested
FRIC_450,37.168044,-2.902959,A-4103,Endesa,300,Congested
FRIC_451,37.398748,-2.986185,A-4104,Endesa,300,Congested
FRIC_452,37.330859,-3.222073,A-4105,Endesa,300,Congested
FRIC_453,36.802145,-3.508772,A-4133,Endesa,300,Congested
FRIC_454,37.162967,-4.12091,A-4154,Endesa,300,Congested
FRIC_455,37.169588,-4.085013,A-4155,Endesa,300,Congested
FRIC_456,37.146142,-4.251538,A-4157,Endesa,300,Congested
FRIC_457,40.016584,-3.950656,A-42,i-DE,300,Congested
FRIC_458,39.935966,-3.999561,A-42,i-DE,300,Congested
FRIC_459,39.81602,-3.987951,A-42,i-DE,300,Congested
FRIC_460,40.242481,-3.779658,A-42,i-DE,300,Congested
FRIC_461,40.196165,-3.789567,A-42,i-DE,300,Congested
FRIC_462,38.256574,-4.322648,A-420,Endesa,300,Congested
FRIC_463,37.497559,-2.817579,A-4201,Endesa,300,Congested
FRIC_464,37.944881,-4.549563,A-421,Endesa,300,Congested
FRIC_465,38.27667,-4.320916,A-424,Endesa,300,Congested
FRIC_466,39.165664,-2.879625,A-43,Endesa,600,Moderate
FRIC_467,39.079684,-3.22693,A-43,Endesa,300,Congested
FRIC_468,39.021788,-3.697966,A-43,Endesa,300,Congested
FRIC_469,39.163777,-2.877091,A-43,Endesa,600,Moderate
FRIC_470,39.417556,-2.379043,A-43,i-DE,300,Congested
FRIC_471,39.163538,-2.912455,A-43,Endesa,600,Moderate
FRIC_472,37.806743,-2.502725,A-4302,Endesa,300,Congested
FRIC_473,37.717356,-2.554084,A-4303,Endesa,300,Congested
FRIC_474,37.927269,-6.238566,A-434,Endesa,300,Congested
FRIC_475,38.307649,-4.975437,A-435,Endesa,300,Congested
FRIC_476,37.61625,-5.663959,A-436,Endesa,300,Congested
FRIC_477,37.424662,-3.556797,A-44,Endesa,300,Congested
FRIC_478,37.135167,-3.696161,A-44,Endesa,300,Congested
FRIC_479,36.829377,-3.504508,A-44,Endesa,300,Congested
FRIC_480,37.035473,-3.645801,A-44,Endesa,300,Congested
FRIC_481,38.041995,-3.767691,A-44,Endesa,300,Congested
FRIC_482,37.868919,-3.764992,A-44,Endesa,300,Congested
FRIC_483,37.715661,-3.646939,A-44,Endesa,300,Congested
FRIC_484,37.994025,-3.796034,A-44,Endesa,300,Congested
FRIC_485,37.679348,-4.931657,A-445,Endesa,300,Congested
FRIC_486,38.264799,-5.436497,A-447,Endesa,300,Congested
FRIC_487,38.306596,-5.278794,A-449,Endesa,300,Congested
FRIC_488,37.006913,-4.486074,A-45,Endesa,300,Congested
FRIC_489,37.691058,-4.743025,A-45,Endesa,300,Congested
FRIC_490,37.304812,-4.474243,A-45,Endesa,300,Congested
FRIC_491,37.430867,-4.543639,A-45,Endesa,300,Congested
FRIC_492,37.228074,-5.11121,A-451,Endesa,300,Congested
FRIC_493,37.506687,-5.376619,A-456,Endesa,300,Congested
FRIC_494,37.512114,-6.072479,A-460,Endesa,300,Congested
FRIC_495,37.811755,-6.432977,A-461,Endesa,300,Congested
FRIC_496,36.978038,-5.952523,A-471R,Endesa,300,Congested
FRIC_497,37.36048,-6.201498,A-473,Endesa,300,Congested
FRIC_498,37.249574,-6.517781,A-474,Endesa,300,Congested
FRIC_499,37.536132,-6.090564,A-477,Endesa,300,Congested
FRIC_500,36.45783,-6.157217,A-48,Endesa,300,Congested
FRIC_501,36.26962,-6.027578,A-48,Endesa,600,Moderate
FRIC_502,36.691012,-6.206087,A-480,Endesa,300,Congested
FRIC_503,37.353812,-6.389011,A-481,Endesa,300,Congested
FRIC_504,37.190853,-6.499893,A-483,Endesa,300,Congested
FRIC_505,37.263214,-6.531705,A-484,Endesa,300,Congested
FRIC_506,37.237496,-7.404469,A-49,Endesa,300,Congested
FRIC_507,37.35397,-6.974075,A-49,Endesa,300,Congested
FRIC_508,37.349826,-6.610754,A-49,Endesa,300,Congested
FRIC_509,37.239615,-7.372317,A-49,Endesa,300,Congested
FRIC_510,37.376508,-6.079609,A-49,Endesa,300,Congested
FRIC_511,37.365302,-6.103555,A-49,Endesa,300,Congested
FRIC_512,36.610759,-6.205451,A-491,Endesa,300,Congested
FRIC_513,37.271791,-6.987728,A-492,Endesa,300,Congested
FRIC_514,37.358967,-6.540466,A-493,Endesa,300,Congested
FRIC_515,37.016575,-6.561689,A-494,Endesa,300,Congested
FRIC_516,37.377983,-6.983242,A-495,Endesa,300,Congested
FRIC_517,37.582085,-6.777786,A-496,Endesa,300,Congested
FRIC_518,37.251348,-7.33571,A-499,Endesa,300,Congested
FRIC_519,38.6495,-3.472315,A-4A,Endesa,300,Congested
FRIC_520,36.701347,-6.090622,A-4R1,Endesa,300,Congested
FRIC_521,37.846964,-4.790522,A-4R2,Endesa,300,Congested
FRIC_522,40.187584,-4.12009,A-5,i-DE,300,Congested
FRIC_523,39.891892,-5.393423,A-5,i-DE,300,Congested
FRIC_524,39.949832,-4.939239,A-5,i-DE,300,Congested
FRIC_525,39.966454,-4.897062,A-5,i-DE,300,Congested
FRIC_526,40.156045,-4.173923,A-5,i-DE,300,Congested
FRIC_527,39.923647,-5.18283,A-5,i-DE,300,Congested
FRIC_528,40.35334,-3.842045,A-5,i-DE,300,Congested
FRIC_529,40.370158,-3.803065,A-5,i-DE,300,Congested
FRIC_530,39.199419,-5.881407,A-5,i-DE,300,Congested
FRIC_531,39.885075,-5.532226,A-5,i-DE,300,Congested
FRIC_532,39.891529,-5.407519,A-5,i-DE,300,Congested
FRIC_533,39.78683,-5.719964,A-5,i-DE,300,Congested
FRIC_534,39.875898,-5.545579,A-5,i-DE,300,Congested
FRIC_535,40.039259,-4.406831,A-5,i-DE,300,Congested
FRIC_536,40.930785,-5.446431,A-50,i-DE,300,Congested
FRIC_537,40.92782,-5.257827,A-50,i-DE,300,Congested
FRIC_538,37.272588,-6.917894,A-5000,Endesa,300,Congested
FRIC_539,37.306878,-6.891712,A-5000R1,Endesa,300,Congested
FRIC_540,37.288257,-7.140951,A-5053,Endesa,300,Congested
FRIC_541,37.259687,-7.012048,A-5077,Endesa,300,Congested
FRIC_542,37.245438,-7.310139,A-5150,Endesa,300,Congested
FRIC_543,42.20931,-7.832349,A-52,i-DE,300,Congested
FRIC_544,42.071999,-7.706519,A-52,i-DE,300,Congested
FRIC_545,42.037508,-7.022671,A-52,Endesa,300,Congested
FRIC_546,41.980086,-7.300286,A-52,Endesa,300,Congested
FRIC_547,42.332147,-7.962723,A-52,i-DE,300,Congested
FRIC_548,42.078951,-7.710587,A-52,i-DE,300,Congested
FRIC_549,42.16443,-8.533573,A-52,i-DE,300,Congested
FRIC_550,42.216692,-8.256981,A-52,i-DE,300,Congested
FRIC_551,42.163138,-8.39213,A-52,i-DE,300,Congested
FRIC_552,42.05077,-6.686334,A-52,Endesa,300,Congested
FRIC_553,42.007216,-6.214407,A-52,i-DE,300,Congested
FRIC_554,42.035923,-5.782899,A-52,i-DE,300,Congested
FRIC_555,38.070295,-6.687643,A-5300,Endesa,300,Congested
FRIC_556,37.909631,-6.214292,A-5301,Endesa,300,Congested
FRIC_557,42.933183,-8.25732,A-54,Endesa,300,Congested
FRIC_558,42.930711,-8.276119,A-54,Endesa,300,Congested
FRIC_559,42.90003,-7.785477,A-54,Endesa,300,Congested
FRIC_560,42.211366,-8.691604,A-55,i-DE,300,Congested
FRIC_561,42.215882,-8.700563,A-55,i-DE,300,Congested
FRIC_562,42.532791,-7.832528,A-56,i-DE,300,Congested
FRIC_563,39.444778,-6.190836,A-58,i-DE,300,Congested
FRIC_564,39.452862,-6.225914,A-58,i-DE,300,Congested
FRIC_565,40.363435,-3.793442,A-5R,i-DE,300,Congested
FRIC_566,41.179108,-4.80627,A-6,i-DE,300,Congested
FRIC_567,43.195622,-8.025149,A-6,Endesa,300,Congested
FRIC_568,43.240847,-8.16633,A-6,Endesa,300,Congested
FRIC_569,42.136092,-5.762201,A-6,i-DE,300,Congested
FRIC_570,42.509647,-6.116703,A-6,i-DE,300,Congested
FRIC_571,42.612721,-6.336944,A-6,Endesa,300,Congested
FRIC_572,42.223416,-5.81386,A-6,i-DE,300,Congested
FRIC_573,42.576793,-6.777261,A-6,Endesa,300,Congested
FRIC_574,42.913544,-7.19718,A-6,i-DE,300,Congested
FRIC_575,43.190623,-7.89886,A-6,Endesa,300,Congested
FRIC_576,42.967606,-7.489364,A-6,i-DE,300,Congested
FRIC_577,42.80551,-7.106282,A-6,i-DE,300,Congested
FRIC_578,40.518341,-3.884963,A-6,i-DE,300,Congested
FRIC_579,40.512856,-3.881547,A-6,i-DE,300,Congested
FRIC_580,40.485309,-3.863893,A-6,i-DE,300,Congested
FRIC_581,43.17685,-7.735237,A-6,Endesa,300,Congested
FRIC_582,41.635104,-5.187847,A-6,i-DE,300,Congested
FRIC_583,41.423085,-4.965482,A-6,i-DE,300,Congested
FRIC_584,41.532588,-5.057332,A-6,i-DE,300,Congested
FRIC_585,41.913951,-5.508759,A-6,i-DE,300,Congested
FRIC_586,42.02312,-5.670087,A-6,i-DE,300,Congested
FRIC_587,42.482391,-5.372529,A-60,i-DE,300,Congested
FRIC_588,41.719103,-4.823349,A-60,i-DE,300,Congested
FRIC_589,37.976341,-3.792531,A-6000,Endesa,300,Congested
FRIC_590,37.777475,-3.733448,A-6001,Endesa,300,Congested
FRIC_591,37.982096,-3.798843,A-6004,Endesa,300,Congested
FRIC_592,41.580655,-4.68186,A-601,i-DE,300,Congested
FRIC_593,41.26907,-4.298723,A-601,i-DE,300,Congested
FRIC_594,41.396621,-4.292622,A-601,i-DE,300,Congested
FRIC_595,41.30154,-4.301598,A-601,i-DE,300,Congested
FRIC_596,41.463547,-4.603541,A-601,i-DE,300,Congested
FRIC_597,37.515705,-3.952053,A-6050,Endesa,300,Congested
FRIC_598,37.665405,-4.053263,A-6051,Endesa,300,Congested
FRIC_599,41.981764,-4.439057,A-610,i-DE,300,Congested
FRIC_600,38.143132,-3.725681,A-6100,Endesa,300,Congested
FRIC_601,37.993081,-3.383714,A-6104,Endesa,300,Congested
FRIC_602,37.915234,-3.347526,A-6105,Endesa,300,Congested
FRIC_603,37.879531,-4.191315,A-6175,Endesa,300,Congested
FRIC_604,38.027876,-4.163846,A-6176,Endesa,300,Congested
FRIC_605,38.038621,-4.032028,A-6177,Endesa,300,Congested
FRIC_606,41.774428,-4.61954,A-62,i-DE,300,Congested
FRIC_607,40.712014,-6.389473,A-62,i-DE,300,Congested
FRIC_608,40.843051,-6.071746,A-62,i-DE,300,Congested
FRIC_609,40.922514,-5.841209,A-62,i-DE,300,Congested
FRIC_610,40.988069,-5.682211,A-62,i-DE,300,Congested
FRIC_611,41.988166,-4.419831,A-62,i-DE,300,Congested
FRIC_612,42.101644,-4.193481,A-62,i-DE,300,Congested
FRIC_613,42.072089,-4.216493,A-62,i-DE,300,Congested
FRIC_614,40.808114,-6.176904,A-62,i-DE,300,Congested
FRIC_615,41.527404,-4.916273,A-62,i-DE,300,Congested
FRIC_616,40.711761,-6.390807,A-62,i-DE,300,Congested
FRIC_617,41.501616,-5.021382,A-62,i-DE,300,Congested
FRIC_618,41.60318,-4.812273,A-62,i-DE,300,Congested
FRIC_619,38.114177,-3.095816,A-6203,Endesa,300,Congested
FRIC_620,38.119879,-3.078036,A-6204,Endesa,300,Congested
FRIC_621,43.347296,-5.895573,A-63,i-DE,300,Congested
FRIC_622,38.270133,-2.936731,A-6301,Endesa,300,Congested
FRIC_623,43.048503,-2.258131,A-636,i-DE,300,Congested
FRIC_624,43.083308,-2.336688,A-636-10,i-DE,300,Congested
FRIC_625,43.080743,-2.331995,A-636-12,i-DE,300,Congested
FRIC_626,43.088937,-2.359664,A-636-15,i-DE,300,Congested
FRIC_627,43.103072,-2.421555,A-636-21,i-DE,300,Congested
FRIC_628,43.045373,-2.243959,A-636-3,i-DE,300,Congested
FRIC_629,43.051551,-2.258306,A-636-5,i-DE,300,Congested
FRIC_630,43.356777,-5.959981,A-63R,i-DE,300,Congested
FRIC_631,43.380952,-5.717218,A-64,i-DE,300,Congested
FRIC_632,43.39053,-5.68775,A-64,i-DE,300,Congested
FRIC_633,42.026945,-4.515693,A-65,i-DE,300,Congested
FRIC_634,40.767731,-5.629055,A-66,i-DE,300,Congested
FRIC_635,43.271424,-5.806177,A-66,i-DE,300,Congested
FRIC_636,40.537083,-5.663706,A-66,i-DE,300,Congested
FRIC_637,43.31544,-5.867687,A-66,i-DE,300,Congested
FRIC_638,41.225675,-5.705465,A-66,i-DE,300,Congested
FRIC_639,43.36846,-5.813663,A-66,i-DE,300,Congested
FRIC_640,42.402791,-5.593322,A-66,i-DE,300,Congested
FRIC_641,42.34979,-5.601826,A-66,i-DE,300,Congested
FRIC_642,39.230286,-6.303079,A-66,i-DE,300,Congested
FRIC_643,39.345865,-6.342687,A-66,i-DE,300,Congested
FRIC_644,39.869725,-6.295529,A-66,i-DE,300,Congested
FRIC_645,40.145604,-6.039214,A-66,i-DE,300,Congested
FRIC_646,39.780606,-6.37743,A-66,i-DE,300,Congested
FRIC_647,39.68795,-6.398185,A-66,i-DE,300,Congested
FRIC_648,39.97683,-6.155227,A-66,i-DE,300,Congested
FRIC_649,40.834536,-5.636741,A-66,i-DE,300,Congested
FRIC_650,41.696091,-5.796027,A-66,i-DE,300,Congested
FRIC_651,40.86932,-5.653282,A-66,i-DE,300,Congested
FRIC_652,37.46793,-6.044968,A-66,Endesa,300,Congested
FRIC_653,37.626502,-6.143693,A-66,Endesa,300,Congested
FRIC_654,41.771136,-5.760921,A-66,i-DE,300,Congested
FRIC_655,41.91539,-5.668268,A-66,i-DE,300,Congested
FRIC_656,42.085065,-5.654927,A-66,i-DE,300,Congested
FRIC_657,42.531836,-5.601046,A-66R,i-DE,300,Congested
FRIC_658,42.270654,-4.413291,A-67,i-DE,300,Congested
FRIC_659,42.838778,-4.193555,A-67,i-DE,300,Congested
FRIC_660,41.965295,-4.50441,A-67,i-DE,300,Congested
FRIC_661,41.947921,-4.504681,A-67,i-DE,300,Congested
FRIC_662,42.115816,-4.480205,A-67,i-DE,300,Congested
FRIC_663,43.415418,-3.960192,A-67,i-DE,300,Congested
FRIC_664,43.387476,-4.023828,A-67,i-DE,300,Congested
FRIC_665,43.264822,-4.074606,A-67,i-DE,300,Congested
FRIC_666,43.169185,-4.052648,A-67,i-DE,300,Congested
FRIC_667,42.118349,-1.676247,A-68,i-DE,300,Congested
FRIC_668,42.108979,-1.667189,A-68,i-DE,300,Congested
FRIC_669,41.841539,-1.342585,A-68,Endesa,300,Congested
FRIC_670,41.77524,-1.223824,A-68,Endesa,300,Congested
FRIC_671,41.660656,-0.914764,A-68,Endesa,300,Congested
FRIC_672,39.053658,-0.545009,A-7,i-DE,300,Congested
FRIC_673,39.187412,-0.503257,A-7,i-DE,300,Congested
FRIC_674,38.899286,-0.576401,A-7,i-DE,300,Congested
FRIC_675,38.964768,-0.566163,A-7,i-DE,300,Congested
FRIC_676,39.390705,-0.481842,A-7,i-DE,300,Congested
FRIC_677,39.052886,-0.545935,A-7,i-DE,300,Congested
FRIC_678,39.634727,-0.295542,A-7,i-DE,300,Congested
FRIC_679,36.513054,-4.926714,A-7,Endesa,300,Congested
FRIC_680,36.451178,-5.084242,A-7,Endesa,300,Congested
FRIC_681,36.569404,-4.623295,A-7,Endesa,300,Congested
FRIC_682,38.096983,-1.047342,A-7,i-DE,300,Congested
FRIC_683,37.677663,-1.710646,A-7,i-DE,300,Congested
FRIC_684,37.691721,-1.670702,A-7,i-DE,300,Congested
FRIC_685,36.730313,-3.375245,A-7,Endesa,300,Congested
FRIC_686,36.770628,-3.627487,A-7,Endesa,300,Congested
FRIC_687,36.751681,-3.167151,A-7,Endesa,300,Congested
FRIC_688,36.154734,-5.454732,A-7,Endesa,300,Congested
FRIC_689,36.206669,-5.385445,A-7,Endesa,300,Congested
FRIC_690,36.506996,-4.851772,A-7,Endesa,300,Congested
FRIC_691,36.50943,-4.862904,A-7,Endesa,300,Congested
FRIC_692,36.633097,-4.49853,A-7050,Endesa,300,Congested
FRIC_693,36.538609,-4.635003,A-7053,Endesa,300,Congested
FRIC_694,36.469538,-5.01267,A-7175,Endesa,300,Congested
FRIC_695,36.502049,-4.931591,A-7176,Endesa,300,Congested
FRIC_696,37.094285,-4.409025,A-7200,Endesa,300,Congested
FRIC_697,37.119908,-4.295083,A-7200R1,Endesa,300,Congested
FRIC_698,37.112941,-4.3923,A-7201,Endesa,300,Congested
FRIC_699,37.053542,-4.360835,A-7202,Endesa,300,Congested
FRIC_700,37.118403,-4.666915,A-7280,Endesa,300,Congested
FRIC_701,37.082872,-4.453557,A-7282,Endesa,300,Congested
FRIC_702,36.978381,-4.833968,A-7286,Endesa,300,Congested
FRIC_703,42.749855,-4.165264,A-73,i-DE,300,Congested
FRIC_704,37.21238,-4.533807,A-7300,Endesa,300,Congested
FRIC_705,41.911591,-7.442593,A-75,i-DE,300,Congested
FRIC_706,43.316371,-3.872298,A-8,i-DE,300,Congested
FRIC_707,43.535056,-6.59806,A-8,Endesa,300,Congested
FRIC_708,43.43256,-4.867219,A-8,i-DE,300,Congested
FRIC_709,43.46194,-5.138185,A-8,i-DE,300,Congested
FRIC_710,43.498275,-5.413957,A-8,i-DE,300,Congested
FRIC_711,43.429572,-4.844504,A-8,i-DE,300,Congested
FRIC_712,43.543028,-7.025166,A-8,Endesa,300,Congested
FRIC_713,43.533135,-5.934318,A-8,i-DE,300,Congested
FRIC_714,43.544116,-6.809452,A-8,Endesa,300,Congested
FRIC_715,43.539126,-7.175451,A-8,Endesa,300,Congested
FRIC_716,43.543467,-7.066466,A-8,Endesa,300,Congested
FRIC_717,43.280402,-7.699551,A-8,Endesa,300,Congested
FRIC_718,43.528126,-6.552554,A-8,Endesa,300,Congested
FRIC_719,43.323847,-3.956923,A-8,i-DE,300,Congested
FRIC_720,43.334875,-4.332538,A-8,i-DE,300,Congested
FRIC_721,43.391588,-3.395314,A-8,i-DE,300,Congested
FRIC_722,43.36179,-4.396341,A-8,i-DE,300,Congested
FRIC_723,43.399789,-3.314069,A-8,i-DE,300,Congested
FRIC_724,43.38889,-3.234007,A-8,i-DE,300,Congested
FRIC_725,37.486739,-5.966807,A-8001,Endesa,300,Congested
FRIC_726,37.455462,-5.970204,A-8003,Endesa,300,Congested
FRIC_727,37.464984,-5.968114,A-8004,Endesa,300,Congested
FRIC_728,37.434658,-5.96695,A-8005,Endesa,300,Congested
FRIC_729,37.415574,-5.927658,A-8008,Endesa,300,Congested
FRIC_730,37.454977,-5.97054,A-8009,Endesa,300,Congested
FRIC_731,37.445783,-5.780207,A-8025,Endesa,300,Congested
FRIC_732,37.370763,-5.929142,A-8028,Endesa,300,Congested
FRIC_733,37.093557,-5.863782,A-8030,Endesa,300,Congested
FRIC_734,37.284983,-5.865828,A-8031,Endesa,300,Congested
FRIC_735,37.329808,-5.967843,A-8032,Endesa,300,Congested
FRIC_736,37.359185,-5.870334,A-8033,Endesa,300,Congested
FRIC_737,37.296276,-6.054083,A-8051,Endesa,300,Congested
FRIC_738,37.287727,-6.06158,A-8052,Endesa,300,Congested
FRIC_739,37.317998,-6.076261,A-8054,Endesa,300,Congested
FRIC_740,37.336571,-6.069939,A-8055,Endesa,300,Congested
FRIC_741,37.362825,-6.070566,A-8056,Endesa,300,Congested
FRIC_742,37.361895,-6.042216,A-8057,Endesa,300,Congested
FRIC_743,37.273693,-6.06258,A-8058,Endesa,300,Congested
FRIC_744,37.359229,-6.14433,A-8059,Endesa,300,Congested
FRIC_745,37.358409,-6.324821,A-8061,Endesa,300,Congested
FRIC_746,37.377026,-6.081769,A-8062,Endesa,300,Congested
FRIC_747,37.360197,-6.274094,A-8064,Endesa,300,Congested
FRIC_748,37.368607,-6.01519,A-8065,Endesa,300,Congested
FRIC_749,37.369215,-6.034653,A-8066,Endesa,300,Congested
FRIC_750,37.339071,-6.063181,A-8067,Endesa,300,Congested
FRIC_751,37.351615,-6.059605,A-8068,Endesa,300,Congested
FRIC_752,37.351948,-6.068965,A-8068R3,Endesa,300,Congested
FRIC_753,37.383893,-6.058183,A-8076,Endesa,300,Congested
FRIC_754,37.431659,-6.035674,A-8078,Endesa,300,Congested
FRIC_755,37.457506,-6.043836,A-8079,Endesa,300,Congested
FRIC_756,37.376296,-6.026982,A-8082,Endesa,300,Congested
FRIC_757,37.373535,-6.031199,A-8082R1,Endesa,300,Congested
FRIC_758,37.413489,-5.997452,A-8083,Endesa,300,Congested
FRIC_759,37.284406,-5.684486,A-8100,Endesa,300,Congested
FRIC_760,37.256798,-5.53846,A-8125,Endesa,300,Congested
FRIC_761,36.854272,-6.039868,A-8151,Endesa,300,Congested
FRIC_762,36.871501,-6.027431,A-8152,Endesa,300,Congested
FRIC_763,37.360007,-6.324949,A-8153,Endesa,300,Congested
FRIC_764,37.767082,-6.165892,A-8175,Endesa,300,Congested
FRIC_765,37.265549,-4.959782,A-8326,Endesa,300,Congested
FRIC_766,37.153448,-4.744206,A-92,Endesa,300,Congested
FRIC_767,37.118664,-4.669509,A-92,Endesa,300,Congested
FRIC_768,37.321145,-3.300529,A-92,Endesa,300,Congested
FRIC_769,37.274147,-3.460527,A-92,Endesa,300,Congested
FRIC_770,37.206404,-3.045817,A-92,Endesa,300,Congested
FRIC_771,37.179113,-3.912737,A-92,Endesa,300,Congested
FRIC_772,37.222578,-3.70584,A-92,Endesa,300,Congested
FRIC_773,37.07067,-4.585679,A-92,Endesa,300,Congested
FRIC_774,37.132112,-4.691032,A-92,Endesa,300,Congested
FRIC_775,37.256681,-4.997521,A-92,Endesa,300,Congested
FRIC_776,37.262446,-4.966788,A-92,Endesa,300,Congested
FRIC_777,37.233166,-5.187194,A-92,Endesa,300,Congested
FRIC_778,37.233147,-5.183782,A-92,Endesa,300,Congested
FRIC_779,37.229362,-5.113448,A-92,Endesa,300,Congested
FRIC_780,37.255813,-5.570046,A-92,Endesa,300,Congested
FRIC_781,37.198266,-3.646147,A-92G,Endesa,300,Congested
FRIC_782,37.192624,-3.72294,A-92GR1,Endesa,300,Congested
FRIC_783,37.108236,-4.309475,A-92M,Endesa,300,Congested
FRIC_784,37.591878,-2.452099,A-92N,Endesa,300,Congested
FRIC_785,37.389126,-3.012912,A-92N,Endesa,300,Congested
FRIC_786,37.475381,-2.856492,A-92N,Endesa,300,Congested
FRIC_787,37.404119,-2.92501,A-92N,Endesa,300,Congested
FRIC_788,37.366224,-3.073012,A-92NR1,Endesa,300,Congested
FRIC_789,37.507705,-2.806347,A-92NR3,Endesa,300,Congested
FRIC_790,37.583946,-2.544699,A-92NR5,Endesa,300,Congested
FRIC_791,37.316959,-3.161342,A-92R1,Endesa,300,Congested
FRIC_792,43.054103,-2.490448,AP-1,i-DE,300,Congested
FRIC_793,43.024555,-2.519676,AP-1-123,i-DE,300,Congested
FRIC_794,43.079052,-2.464192,AP-1-130,i-DE,300,Congested
FRIC_795,43.093294,-2.431126,AP-1-133,i-DE,300,Congested
FRIC_796,43.129976,-2.424783,AP-1-138,i-DE,300,Congested
FRIC_797,43.192159,-2.440177,AP-1-145,i-DE,300,Congested
FRIC_798,42.549255,-1.648522,AP-15,i-DE,300,Congested
FRIC_799,42.193028,-1.673698,AP-15,i-DE,300,Congested
FRIC_800,42.84544,-1.696207,AP-15,i-DE,300,Congested
FRIC_801,42.890632,-1.774437,AP-15,i-DE,300,Congested
FRIC_802,42.121779,-1.740407,AP-15-R,i-DE,300,Congested
FRIC_803,41.404996,1.131976,AP-2,Endesa,600,Moderate
FRIC_804,41.517653,-0.094332,AP-2,Endesa,300,Congested
FRIC_805,41.467642,0.238748,AP-2,Endesa,300,Congested
FRIC_806,41.553752,0.612477,AP-2,Endesa,600,Moderate
FRIC_807,41.549298,0.582489,AP-2,Endesa,600,Moderate
FRIC_808,41.508775,0.424584,AP-2,Endesa,300,Congested
FRIC_809,41.387471,1.188837,AP-2,Endesa,600,Moderate
FRIC_810,41.566717,-0.626924,AP-2,Endesa,300,Congested
FRIC_811,41.525056,-0.450349,AP-2,Endesa,300,Congested
FRIC_812,39.732751,-3.138381,AP-36,Endesa,600,Moderate
FRIC_813,39.532478,-2.949717,AP-36,i-DE,300,Congested
FRIC_814,39.601036,-3.07263,AP-36,i-DE,300,Congested
FRIC_815,39.335035,-2.389393,AP-36,i-DE,300,Congested
FRIC_816,39.474771,-2.697923,AP-36,i-DE,300,Congested
FRIC_817,39.356769,-2.44597,AP-36,i-DE,300,Congested
FRIC_818,36.726088,-6.063699,AP-4,Endesa,300,Congested
FRIC_819,36.714157,-6.070986,AP-4,Endesa,300,Congested
FRIC_820,37.15335,-5.912636,AP-4,Endesa,300,Congested
FRIC_821,36.979949,-5.948574,AP-4,Endesa,300,Congested
FRIC_822,40.055472,-3.866389,AP-41,i-DE,300,Congested
FRIC_823,40.076331,-3.841349,AP-41,i-DE,300,Congested
FRIC_824,37.254862,-5.914715,AP-4A,Endesa,300,Congested
FRIC_825,37.248834,-5.915565,AP-4R,Endesa,300,Congested
FRIC_826,40.774288,-4.416164,AP-51,i-DE,300,Congested
FRIC_827,42.713077,-8.237098,AP-53,Endesa,300,Congested
FRIC_828,42.818934,-8.489335,AP-53,Endesa,300,Congested
FRIC_829,40.66902,-4.105423,AP-6,i-DE,300,Congested
FRIC_830,40.744313,-4.304193,AP-6,i-DE,300,Congested
FRIC_831,40.884417,-4.117007,AP-61,i-DE,300,Congested
FRIC_832,42.977571,-5.831345,AP-66,i-DE,300,Congested
FRIC_833,42.681344,-5.75238,AP-66,i-DE,300,Congested
FRIC_834,42.857331,-5.873187,AP-66,i-DE,300,Congested
FRIC_835,42.366583,-2.073406,AP-68,i-DE,300,Congested
FRIC_836,42.385258,-2.171979,AP-68,i-DE,300,Congested
FRIC_837,42.478552,-2.657272,AP-68,i-DE,300,Congested
FRIC_838,42.413993,-2.26035,AP-68,i-DE,300,Congested
FRIC_839,42.473479,-2.648359,AP-68,i-DE,300,Congested
FRIC_840,43.204345,-2.892477,AP-68,i-DE,300,Congested
FRIC_841,41.774013,-1.229961,AP-68,Endesa,300,Congested
FRIC_842,41.717654,-0.991704,AP-68,Endesa,300,Congested
FRIC_843,42.495987,-5.788728,AP-71,i-DE,300,Congested
FRIC_844,42.440628,-6.038879,AP-71,i-DE,300,Congested
FRIC_845,39.723821,-0.230835,AP-7N,i-DE,300,Congested
FRIC_846,38.918445,-0.132741,AP-7N,i-DE,300,Congested
FRIC_847,39.186173,-0.40063,AP-7N,i-DE,300,Congested
FRIC_848,37.457117,-1.556179,AP-7N,i-DE,300,Congested
FRIC_849,37.668295,-0.897442,AP-7N,i-DE,300,Congested
FRIC_850,37.674324,-0.975176,AP-7N,i-DE,300,Congested
FRIC_851,39.902516,-0.133079,AP-7N,i-DE,300,Congested
FRIC_852,42.164219,2.920976,AP-7N,Endesa,300,Congested
FRIC_853,41.899065,2.774798,AP-7N,Endesa,300,Congested
FRIC_854,42.264337,2.941943,AP-7N,Endesa,300,Congested
FRIC_855,40.319882,0.251312,AP-7N,i-DE,300,Congested
FRIC_856,40.042725,0.024794,AP-7N,i-DE,300,Congested
FRIC_857,39.795173,-0.167342,AP-7N,i-DE,300,Congested
FRIC_858,40.226117,0.198243,AP-7N,i-DE,300,Congested
FRIC_859,39.190694,-0.408229,AP-7N,i-DE,300,Congested
FRIC_860,37.656904,-0.899806,AP-7R,i-DE,300,Congested
FRIC_861,36.398075,-5.250261,AP-7S,Endesa,300,Congested
FRIC_862,36.474087,-5.103802,AP-7S,Endesa,300,Congested
FRIC_863,36.522148,-4.686009,AP-7S,Endesa,300,Congested
FRIC_864,43.284547,-2.325886,AP-8,i-DE,300,Congested
FRIC_865,43.316566,-1.854512,AP-8,i-DE,600,Moderate
FRIC_866,43.288967,-1.941633,AP-8,i-DE,300,Congested
FRIC_867,43.187341,-2.674108,AP-8,i-DE,300,Congested
FRIC_868,43.261027,-2.992594,AP-8,i-DE,300,Congested
FRIC_869,43.339126,-1.756456,AP-8-0,i-DE,300,Congested
FRIC_870,43.307212,-1.878894,AP-8-11,i-DE,300,Congested
FRIC_871,43.305243,-1.891966,AP-8-12,i-DE,300,Congested
FRIC_872,43.287083,-1.951818,AP-8-19,i-DE,300,Congested
FRIC_873,43.277133,-2.014827,AP-8-24,i-DE,300,Congested
FRIC_874,43.282696,-2.107056,AP-8-33,i-DE,300,Congested
FRIC_875,43.279176,-2.158706,AP-8-38,i-DE,300,Congested
FRIC_876,43.266275,-2.272365,AP-8-48,i-DE,300,Congested
FRIC_877,43.284791,-2.327434,AP-8-54,i-DE,300,Congested
FRIC_878,43.232051,-2.403669,AP-8-64,i-DE,300,Congested
FRIC_879,43.319977,-1.832064,AP-8-7,i-DE,600,Moderate
FRIC_880,43.192229,-2.441217,AP-8-71,i-DE,300,Congested
FRIC_881,42.700369,-8.637104,AP-9,Endesa,300,Congested
FRIC_882,42.415166,-8.65333,AP-9,Endesa,300,Congested
FRIC_883,43.237898,-8.258156,AP-9,Endesa,300,Congested
FRIC_884,43.080805,-8.357038,AP-9,Endesa,300,Congested
FRIC_885,42.885369,-8.506467,AP-9,Endesa,300,Congested
FRIC_886,42.855152,-8.566312,AP-9,Endesa,300,Congested
FRIC_887,42.629665,-8.660332,AP-9,Endesa,300,Congested
FRIC_888,43.442989,-8.172646,AP-9F,Endesa,300,Congested
FRIC_889,43.374566,-8.185359,AP-9F,Endesa,300,Congested
FRIC_890,42.256035,-8.679317,AP-9V,i-DE,300,Congested
FRIC_891,43.063931,-2.167799,N-1,i-DE,300,Congested
FRIC_892,43.082604,-2.147968,N-1,i-DE,300,Congested
FRIC_893,40.869578,-4.235415,N-110,i-DE,300,Congested
FRIC_894,40.269456,-5.673968,N-110,i-DE,300,Congested
FRIC_895,40.08838,-5.985359,N-110,i-DE,300,Congested
FRIC_896,41.161831,-3.661622,N-110,i-DE,300,Congested
FRIC_897,40.81869,-4.284454,N-110A,i-DE,300,Congested
FRIC_898,41.976476,-2.485821,N-111,i-DE,300,Congested
FRIC_899,41.986564,-2.487052,N-111,i-DE,300,Congested
FRIC_900,42.359102,-2.49266,N-111,i-DE,300,Congested
FRIC_901,41.729388,-2.477569,N-111,Endesa,300,Congested
FRIC_902,42.485336,-2.434452,N-111A,i-DE,300,Congested
FRIC_903,41.493275,-2.535499,N-111R,Endesa,300,Congested
FRIC_904,42.112744,-1.753894,N-113,i-DE,300,Congested
FRIC_905,42.324817,-5.286222,N-120,i-DE,300,Congested
FRIC_906,42.442471,-7.216205,N-120,i-DE,300,Congested
FRIC_907,42.368996,-5.037212,N-120,i-DE,300,Congested
FRIC_908,42.502164,-7.626166,N-120,i-DE,300,Congested
FRIC_909,42.201764,-8.410756,N-120,i-DE,300,Congested
FRIC_910,42.374948,-7.83047,N-120,i-DE,300,Congested
FRIC_911,42.480089,-7.693958,N-120,i-DE,300,Congested
FRIC_912,42.212734,-8.37145,N-120,i-DE,300,Congested
FRIC_913,42.366089,-4.875352,N-120,i-DE,300,Congested
FRIC_914,42.428762,-2.570984,N-120A,i-DE,300,Congested
FRIC_915,42.347365,-1.653163,N-121,i-DE,300,Congested
FRIC_916,43.131124,-1.600121,N-121-A,i-DE,300,Congested
FRIC_917,43.161328,-1.496078,N-121-B,i-DE,300,Congested
FRIC_918,41.963569,-1.689262,N-121-C,Endesa,300,Congested
FRIC_919,41.600016,-3.364425,N-122,i-DE,300,Congested
FRIC_920,41.842334,-1.672007,N-122,Endesa,300,Congested
FRIC_921,41.899902,-1.794596,N-122,Endesa,300,Congested
FRIC_922,41.83963,-1.420019,N-122,Endesa,300,Congested
FRIC_923,41.597929,-6.088599,N-122,i-DE,300,Congested
FRIC_924,41.770596,-2.510341,N-122,i-DE,300,Congested
FRIC_925,41.617464,-4.394623,N-122,i-DE,300,Congested
FRIC_926,41.740853,-6.541635,N-122A,i-DE,300,Congested
FRIC_927,41.573428,-3.122006,N-122R,i-DE,300,Congested
FRIC_928,42.03706,0.147553,N-123,Endesa,300,Congested
FRIC_929,42.177754,0.335081,N-123A,Endesa,300,Congested
FRIC_930,42.126877,0.389272,N-123B,Endesa,300,Congested
FRIC_931,42.561658,-2.838488,N-124,i-DE,300,Congested
FRIC_932,41.659162,-0.946713,N-125,Endesa,300,Congested
FRIC_933,42.550347,-2.90337,N-126,i-DE,300,Congested
FRIC_934,43.043187,-1.326849,N-135,i-DE,300,Congested
FRIC_935,42.775704,0.677922,N-141,Endesa,300,Congested
FRIC_936,42.366484,1.801151,N-1411,Endesa,300,Congested
FRIC_937,41.728945,1.384399,N-141f,Endesa,300,Congested
FRIC_938,42.414481,1.464402,N-145,Endesa,300,Congested
FRIC_939,42.433611,1.940138,N-152,Endesa,300,Congested
FRIC_940,42.457112,1.967113,N-154,Endesa,300,Congested
FRIC_941,42.464048,1.990789,N-155,Endesa,300,Congested
FRIC_942,41.891031,2.782447,N-156,Endesa,300,Congested
FRIC_943,40.84293,-3.619052,N-1A,i-DE,300,Congested
FRIC_944,42.442904,2.866265,N-2,Endesa,300,Congested
FRIC_945,41.321172,-1.77368,N-2,Endesa,300,Congested
FRIC_946,42.221566,2.951393,N-2,Endesa,300,Congested
FRIC_947,41.520111,-0.526489,N-2,Endesa,300,Congested
FRIC_948,41.970683,2.849031,N-2,Endesa,300,Congested
FRIC_949,41.887673,2.782934,N-2,Endesa,300,Congested
FRIC_950,41.524012,-0.453179,N-2,Endesa,300,Congested
FRIC_951,40.868374,-2.730404,N-204,i-DE,300,Congested
FRIC_952,40.93391,-2.064626,N-211,Endesa,300,Congested
FRIC_953,41.256255,0.020383,N-211,Endesa,300,Congested
FRIC_954,41.244172,-0.053876,N-211,Endesa,300,Congested
FRIC_955,40.832903,-1.82306,N-211,Endesa,300,Congested
FRIC_956,41.137584,-0.145156,N-211,Endesa,300,Congested
FRIC_957,40.801654,-0.639978,N-211,Endesa,300,Congested
FRIC_958,40.895379,-0.376114,N-211A,Endesa,300,Congested
FRIC_959,39.492527,-0.46982,N-220,i-DE,300,Congested
FRIC_960,40.349455,-1.100703,N-223,Endesa,300,Congested
FRIC_961,39.785625,-0.265555,N-225,i-DE,300,Congested
FRIC_962,39.781935,-0.310766,N-225A,i-DE,300,Congested
FRIC_963,42.270244,0.733938,N-230,Endesa,300,Congested
FRIC_964,42.768073,0.686147,N-230,Endesa,300,Congested
FRIC_965,41.886893,0.500249,N-230,Endesa,300,Congested
FRIC_966,41.730188,0.590905,N-230,Endesa,300,Congested
FRIC_967,42.559004,-2.908887,N-232,i-DE,300,Congested
FRIC_968,40.757553,-0.058013,N-232,Endesa,300,Congested
FRIC_969,41.89463,-1.40691,N-232,i-DE,600,Moderate
FRIC_970,40.619551,-0.095197,N-232,i-DE,300,Congested
FRIC_971,41.498407,-0.593296,N-232,Endesa,300,Congested
FRIC_972,42.470307,-2.627925,N-232,i-DE,300,Congested
FRIC_973,42.192426,-1.768617,N-232,i-DE,300,Congested
FRIC_974,40.828291,-0.026915,N-232,Endesa,300,Congested
FRIC_975,41.703057,-1.002533,N-232,Endesa,300,Congested
FRIC_976,41.546506,-0.698526,N-232A,Endesa,300,Congested
FRIC_977,41.039189,-0.122806,N-232B,Endesa,300,Congested
FRIC_978,41.82939,-3.067386,N-234,i-DE,300,Congested
FRIC_979,42.076277,-3.4359,N-234,i-DE,300,Congested
FRIC_980,41.258532,-1.586154,N-234,Endesa,300,Congested
FRIC_981,40.549398,-1.277977,N-234,Endesa,300,Congested
FRIC_982,41.672231,-2.147453,N-234,Endesa,300,Congested
FRIC_983,41.727103,-2.305655,N-234,i-DE,300,Congested
FRIC_984,40.565683,-1.286574,N-234,Endesa,300,Congested
FRIC_985,41.618031,-1.995276,N-234,Endesa,300,Congested
FRIC_986,42.000164,-3.293947,N-234A,i-DE,300,Congested
FRIC_987,40.752522,0.607039,N-235,Endesa,300,Congested
FRIC_988,40.496735,0.465079,N-238,i-DE,300,Congested
FRIC_989,41.91818,0.179891,N-240,Endesa,300,Congested
FRIC_990,41.897794,0.211983,N-240,Endesa,300,Congested
FRIC_991,41.637299,0.583246,N-240,Endesa,300,Congested
FRIC_992,41.580319,0.746839,N-240,Endesa,300,Congested
FRIC_993,41.509433,0.87549,N-240,Endesa,300,Congested
FRIC_994,41.488683,0.905883,N-240,Endesa,300,Congested
FRIC_995,41.608056,0.674079,N-240,Endesa,300,Congested
FRIC_996,42.86927,-1.728725,N-240-A,i-DE,300,Congested
FRIC_997,41.368015,1.174077,N-240A,Endesa,600,Moderate
FRIC_998,42.559826,-0.657296,N-240R,Endesa,300,Congested
FRIC_999,42.492219,-0.322254,N-260,Endesa,300,Congested
FRIC_1000,42.46618,0.614608,N-260,Endesa,300,Congested
FRIC_1001,42.41603,0.26704,N-260,Endesa,300,Congested
FRIC_1002,42.35473,1.951774,N-260,Endesa,300,Congested
FRIC_1003,42.491371,0.512767,N-260,Endesa,300,Congested
FRIC_1004,42.342366,3.092727,N-260,Endesa,300,Congested
FRIC_1005,42.406325,1.128557,N-260,Endesa,300,Congested
FRIC_1006,42.375497,3.156389,N-260,Endesa,300,Congested
FRIC_1007,42.556567,-0.337536,N-260A,Endesa,300,Congested
FRIC_1008,42.362686,1.813092,N-260R,Endesa,300,Congested
FRIC_1009,42.2104,2.538878,N-260z,Endesa,300,Congested
FRIC_1010,41.50151,0.04112,N-2A,Endesa,300,Congested
FRIC_1011,40.960922,-2.654768,N-2A,i-DE,300,Congested
FRIC_1012,41.308829,-1.923541,N-2R,Endesa,300,Congested
FRIC_1013,39.454887,-0.862559,N-3,i-DE,300,Congested
FRIC_1014,39.566312,-2.031822,N-3,i-DE,300,Congested
FRIC_1015,38.289051,-1.459838,N-301,i-DE,300,Congested
FRIC_1016,39.573343,-3.045195,N-301,i-DE,300,Congested
FRIC_1017,38.197493,-1.337818,N-301,i-DE,300,Congested
FRIC_1018,39.625616,-3.068119,N-301,i-DE,300,Congested
FRIC_1019,38.249277,-1.408942,N-301,i-DE,300,Congested
FRIC_1020,38.236787,-1.398226,N-301A,i-DE,300,Congested
FRIC_1021,37.919205,-1.16536,N-301a,i-DE,300,Congested
FRIC_1022,39.443454,-2.037862,N-310,i-DE,300,Congested
FRIC_1023,39.110924,-3.14835,N-310,Endesa,300,Congested
FRIC_1024,37.631208,-1.001388,N-310A,i-DE,600,Moderate
FRIC_1025,40.543538,-2.800711,N-320,i-DE,300,Congested
FRIC_1026,40.369717,-2.423619,N-320,i-DE,300,Congested
FRIC_1027,40.058586,-2.166453,N-320,i-DE,300,Congested
FRIC_1028,40.354696,-2.396012,N-320,i-DE,300,Congested
FRIC_1029,40.56114,-2.919347,N-320A,i-DE,300,Congested
FRIC_1030,38.213757,-2.972577,N-322,Endesa,300,Congested
FRIC_1031,38.067736,-3.559891,N-322,Endesa,300,Congested
FRIC_1032,38.038179,-3.287379,N-322,Endesa,300,Congested
FRIC_1033,38.172325,-3.00582,N-322A,Endesa,300,Congested
FRIC_1034,36.725504,-3.537811,N-323,Endesa,300,Congested
FRIC_1035,37.892568,-3.777588,N-323A,Endesa,300,Congested
FRIC_1036,37.789265,-3.775481,N-323A,Endesa,300,Congested
FRIC_1037,37.679052,-3.626187,N-323A,Endesa,300,Congested
FRIC_1038,39.821212,-1.254921,N-330,i-DE,300,Congested
FRIC_1039,39.57723,-1.199322,N-330,i-DE,300,Congested
FRIC_1040,41.195465,-1.298768,N-330,Endesa,300,Congested
FRIC_1041,39.220461,-1.06239,N-330,i-DE,300,Congested
FRIC_1042,39.867973,-1.324005,N-330,i-DE,300,Congested
FRIC_1043,40.067654,-1.270574,N-330,Endesa,300,Congested
FRIC_1044,40.239857,-1.178104,N-330,Endesa,300,Congested
FRIC_1045,42.505159,-0.353504,N-330,Endesa,300,Congested
FRIC_1046,41.59333,-0.943387,N-330,Endesa,300,Congested
FRIC_1047,42.750338,-0.51554,N-330A,Endesa,300,Congested
FRIC_1048,42.785177,-0.523303,N-330B,Endesa,300,Congested
FRIC_1049,37.36821,-4.489169,N-331,Endesa,300,Congested
FRIC_1050,37.294764,-4.474768,N-331,Endesa,300,Congested
FRIC_1051,37.362047,-4.487272,N-331,Endesa,300,Congested
FRIC_1052,37.459906,-4.573865,N-331R,Endesa,300,Congested
FRIC_1053,38.933266,-0.141401,N-332,i-DE,300,Congested
FRIC_1054,37.727454,-0.861689,N-332,i-DE,300,Congested
FRIC_1055,38.980042,-0.184539,N-332A,i-DE,300,Congested
FRIC_1056,39.179823,-0.290167,N-332R,i-DE,300,Congested
FRIC_1057,38.995557,-0.166852,N-337,i-DE,300,Congested
FRIC_1058,38.993892,-0.162849,N-337a,i-DE,300,Congested
FRIC_1059,37.424967,-5.903924,N-339,Endesa,300,Congested
FRIC_1060,36.700754,-3.442823,N-340,Endesa,300,Congested
FRIC_1061,39.999793,-0.085839,N-340,i-DE,300,Congested
FRIC_1062,40.123359,0.144324,N-340,i-DE,300,Congested
FRIC_1063,39.71934,-0.248255,N-340,i-DE,300,Congested
FRIC_1064,39.947983,-0.086658,N-340,i-DE,300,Congested
FRIC_1065,36.251319,-6.002875,N-340,Endesa,600,Moderate
FRIC_1066,40.178626,0.169083,N-340,i-DE,300,Congested
FRIC_1067,36.577605,-4.570653,N-340,Endesa,300,Congested
FRIC_1068,36.737587,-3.727961,N-340,Endesa,300,Congested
FRIC_1069,36.355732,-6.100631,N-340,Endesa,600,Moderate
FRIC_1070,37.594947,-2.40753,N-342A,Endesa,300,Congested
FRIC_1071,37.569839,-0.942545,N-343,i-DE,300,Congested
FRIC_1072,37.594868,-0.916169,N-343A,i-DE,300,Congested
FRIC_1073,38.012195,-1.223171,N-344,i-DE,300,Congested
FRIC_1074,38.464958,-1.323087,N-344,i-DE,300,Congested
FRIC_1075,37.595004,-0.874523,N-345,i-DE,300,Congested
FRIC_1076,36.754255,-6.075372,N-346,Endesa,300,Congested
FRIC_1077,36.734363,-3.524461,N-347GR,Endesa,300,Congested
FRIC_1078,36.721956,-6.083324,N-349,Endesa,300,Congested
FRIC_1079,36.125439,-5.443207,N-350,Endesa,300,Congested
FRIC_1080,36.168746,-5.369455,N-351,Endesa,300,Congested
FRIC_1081,35.872411,-5.343816,N-352,Endesa,300,Congested
FRIC_1082,36.14337,-5.441031,N-357,Endesa,300,Congested
FRIC_1083,35.874417,-5.346552,N-362,Endesa,300,Congested
FRIC_1084,40.310683,-3.483245,N-3A,i-DE,300,Congested
FRIC_1085,36.77004,-6.063127,N-4,Endesa,300,Congested
FRIC_1086,37.276858,-5.933333,N-4,Endesa,300,Congested
FRIC_1087,37.143653,-5.91904,N-4,Endesa,300,Congested
FRIC_1088,40.06432,-2.85303,N-400,i-DE,300,Congested
FRIC_1089,40.073114,-2.165917,N-400,i-DE,300,Congested
FRIC_1090,39.9407,-3.748572,N-400,i-DE,300,Congested
FRIC_1091,40.023546,-2.650955,N-400,i-DE,300,Congested
FRIC_1092,40.056495,-2.793758,N-400A,i-DE,300,Congested
FRIC_1093,39.525671,-3.844618,N-401,i-DE,300,Congested
FRIC_1094,39.113685,-3.896675,N-401,Endesa,300,Congested
FRIC_1095,39.183738,-3.837578,N-401A,Endesa,600,Moderate
FRIC_1096,40.248104,-4.375012,N-403,i-DE,300,Congested
FRIC_1097,39.976252,-4.258974,N-403,i-DE,300,Congested
FRIC_1098,39.867991,-4.026486,N-403A,i-DE,300,Congested
FRIC_1099,38.738182,-4.071943,N-420,Endesa,300,Congested
FRIC_1100,40.795103,-0.827713,N-420,Endesa,300,Congested
FRIC_1101,38.697237,-4.106845,N-420,Endesa,300,Congested
FRIC_1102,39.533204,-2.805002,N-420,Endesa,300,Congested
FRIC_1103,38.321037,-4.323529,N-420,Endesa,300,Congested
FRIC_1104,40.73579,-0.846465,N-420,Endesa,300,Congested
FRIC_1105,41.10117,0.522707,N-420,Endesa,300,Congested
FRIC_1106,41.044122,0.246201,N-420,Endesa,300,Congested
FRIC_1107,38.742006,-4.075007,N-420,Endesa,300,Congested
FRIC_1108,41.176701,0.909788,N-420A,Endesa,300,Congested
FRIC_1109,41.000734,0.122666,N-420B,Endesa,300,Congested
FRIC_1110,38.901893,-3.066137,N-430,i-DE,300,Congested
FRIC_1111,38.975791,-2.885921,N-430,i-DE,300,Congested
FRIC_1112,38.99895,-3.874284,N-430,Endesa,300,Congested
FRIC_1113,39.017238,-3.818506,N-430A,Endesa,300,Congested
FRIC_1114,38.995573,-3.926872,N-430C,Endesa,300,Congested
FRIC_1115,37.325272,-7.060412,N-431,Endesa,300,Congested
FRIC_1116,37.230005,-7.365706,N-431A,Endesa,300,Congested
FRIC_1117,38.289493,-5.529641,N-432,Endesa,300,Congested
FRIC_1118,37.485723,-3.961504,N-432,Endesa,300,Congested
FRIC_1119,37.713079,-4.628396,N-432,Endesa,300,Congested
FRIC_1120,37.704068,-4.613974,N-432,Endesa,300,Congested
FRIC_1121,38.068356,-4.833914,N-432,Endesa,300,Congested
FRIC_1122,37.907222,-4.753525,N-432,Endesa,300,Congested
FRIC_1123,38.20367,-5.046,N-432A,Endesa,300,Congested
FRIC_1124,38.305455,-5.543247,N-432A,Endesa,300,Congested
FRIC_1125,37.884434,-6.5546,N-433,Endesa,300,Congested
FRIC_1126,37.955988,-6.959185,N-433,Endesa,300,Congested
FRIC_1127,37.898029,-6.732786,N-435,Endesa,300,Congested
FRIC_1128,37.451771,-6.804817,N-435,Endesa,300,Congested
FRIC_1129,38.080745,-6.691678,N-435A,Endesa,300,Congested
FRIC_1130,37.865898,-4.817849,N-437,Endesa,300,Congested
FRIC_1131,37.287135,-7.20773,N-444,Endesa,300,Congested
FRIC_1132,37.259772,-7.236988,N-445,Endesa,300,Congested
FRIC_1133,37.259024,-7.304815,N-446,Endesa,300,Congested
FRIC_1134,37.239228,-7.406764,N-447,Endesa,300,Congested
FRIC_1135,38.390736,-3.506524,N-4A,Endesa,300,Congested
FRIC_1136,39.813882,-5.675681,N-5,i-DE,300,Congested
FRIC_1137,40.906501,-5.193554,N-501,i-DE,300,Congested
FRIC_1138,40.901135,-5.179064,N-501A,i-DE,300,Congested
FRIC_1139,38.404116,-4.959236,N-502,Endesa,300,Congested
FRIC_1140,38.302527,-4.976296,N-502,Endesa,300,Congested
FRIC_1141,39.44758,-5.021725,N-502,Endesa,300,Congested
FRIC_1142,39.552486,-4.969659,N-502,Endesa,300,Congested
FRIC_1143,39.963286,-4.841078,N-502A,i-DE,300,Congested
FRIC_1144,39.442916,-6.179905,N-521,i-DE,300,Congested
FRIC_1145,39.44473,-6.572328,N-521,i-DE,300,Congested
FRIC_1146,39.453086,-6.52223,N-521,i-DE,300,Congested
FRIC_1147,39.318534,-6.502903,N-523,i-DE,300,Congested
FRIC_1148,41.956914,-7.390037,N-525,i-DE,300,Congested
FRIC_1149,42.000021,-5.946162,N-525,i-DE,300,Congested
FRIC_1150,42.802888,-8.476676,N-525,Endesa,300,Congested
FRIC_1151,42.012218,-6.273349,N-525,i-DE,300,Congested
FRIC_1152,42.723269,-8.29462,N-525,Endesa,300,Congested
FRIC_1153,42.683684,-8.186601,N-525,Endesa,300,Congested
FRIC_1154,41.811745,-7.422511,N-532,Endesa,300,Congested
FRIC_1155,42.435349,-6.81584,N-536,Endesa,300,Congested
FRIC_1156,42.838711,-7.740263,N-540,i-DE,300,Congested
FRIC_1157,42.917402,-7.660291,N-540,Endesa,300,Congested
FRIC_1158,42.953258,-7.616383,N-540A,Endesa,300,Congested
FRIC_1159,42.508816,-8.258868,N-541,i-DE,300,Congested
FRIC_1160,42.480284,-8.18924,N-541,i-DE,300,Congested
FRIC_1161,42.347509,-7.873886,N-542,i-DE,300,Congested
FRIC_1162,42.363096,-7.860434,N-544,i-DE,300,Congested
FRIC_1163,42.92441,-8.288881,N-547,Endesa,300,Congested
FRIC_1164,43.269818,-8.368983,N-550,Endesa,300,Congested
FRIC_1165,42.96377,-8.450358,N-550,Endesa,300,Congested
FRIC_1166,42.349992,-8.619002,N-550,i-DE,300,Congested
FRIC_1167,42.428963,-8.653452,N-550,Endesa,300,Congested
FRIC_1168,42.597345,-8.643163,N-550A,Endesa,300,Congested
FRIC_1169,42.730411,-8.649366,N-550R,Endesa,300,Congested
FRIC_1170,42.037179,-8.65875,N-551,i-DE,300,Congested
FRIC_1171,42.284631,-8.634717,N-552,i-DE,300,Congested
FRIC_1172,42.362448,-8.633496,N-554,i-DE,300,Congested
FRIC_1173,42.234773,-8.631969,N-555,i-DE,300,Congested
FRIC_1174,42.226828,-8.633325,N-556,i-DE,300,Congested
FRIC_1175,42.205012,-8.379598,N-559,i-DE,300,Congested
FRIC_1176,40.198091,-4.098197,N-5A,i-DE,300,Congested
FRIC_1177,42.346691,-5.945373,N-6,i-DE,300,Congested
FRIC_1178,42.118293,-5.743141,N-6,i-DE,300,Congested
FRIC_1179,40.791805,-4.444377,N-6,i-DE,300,Congested
FRIC_1180,42.558733,-6.196273,N-6,Endesa,300,Congested
FRIC_1181,42.566963,-6.736804,N-6,Endesa,300,Congested
FRIC_1182,40.708805,-4.150712,N-6,i-DE,300,Congested
FRIC_1183,43.288127,-8.252834,N-6,Endesa,300,Congested
FRIC_1184,41.999115,-5.663751,N-6,i-DE,300,Congested
FRIC_1185,42.407051,-5.355961,N-601,i-DE,300,Congested
FRIC_1186,41.376746,-4.684059,N-601,i-DE,300,Congested
FRIC_1187,42.387512,-5.345128,N-601,i-DE,300,Congested
FRIC_1188,41.878429,-5.044604,N-601,i-DE,300,Congested
FRIC_1189,41.582962,-4.714884,N-601,i-DE,300,Congested
FRIC_1190,40.773057,-4.203036,N-603,i-DE,300,Congested
FRIC_1191,42.028503,-5.332198,N-610,i-DE,300,Congested
FRIC_1192,42.030047,-4.767358,N-610,i-DE,300,Congested
FRIC_1193,42.012753,-4.550012,N-610A,i-DE,300,Congested
FRIC_1194,42.262247,-4.411877,N-611,i-DE,300,Congested
FRIC_1195,43.017619,-4.114662,N-611,i-DE,300,Congested
FRIC_1196,43.420502,-3.927932,N-611,i-DE,300,Congested
FRIC_1197,43.248716,-4.067449,N-611,i-DE,300,Congested
FRIC_1198,42.824106,-4.198064,N-611A,i-DE,300,Congested
FRIC_1199,40.598327,-6.814134,N-620,i-DE,300,Congested
FRIC_1200,40.758182,-6.321477,N-620,i-DE,300,Congested
FRIC_1201,40.914407,-5.858131,N-620,i-DE,300,Congested
FRIC_1202,41.212714,-5.320655,N-620,i-DE,300,Congested
FRIC_1203,40.998243,-5.63016,N-620A,i-DE,300,Congested
FRIC_1204,40.606877,-6.818456,N-620R,i-DE,300,Congested
FRIC_1205,42.873419,-5.159923,N-621,i-DE,300,Congested
FRIC_1206,42.976161,-5.000564,N-621,i-DE,300,Congested
FRIC_1207,43.21131,-4.595025,N-621,i-DE,300,Congested
FRIC_1208,42.083096,-4.178691,N-622,i-DE,300,Congested
FRIC_1209,43.412784,-3.859361,N-623,i-DE,300,Congested
FRIC_1210,43.098515,-5.014004,N-625,i-DE,300,Congested
FRIC_1211,42.63012,-5.204063,N-625,i-DE,300,Congested
FRIC_1212,42.757965,-4.180637,N-627,i-DE,300,Congested
FRIC_1213,43.176492,-3.436682,N-629,i-DE,300,Congested
FRIC_1214,43.353744,-3.417903,N-629A,i-DE,300,Congested
FRIC_1215,39.256481,-6.309903,N-630,i-DE,300,Congested
FRIC_1216,42.168341,-5.591334,N-630,i-DE,300,Congested
FRIC_1217,37.640485,-6.15027,N-630,Endesa,300,Congested
FRIC_1218,41.455222,-5.731138,N-630,i-DE,300,Congested
FRIC_1219,42.766443,-5.613514,N-630,i-DE,300,Congested
FRIC_1220,39.780431,-6.401043,N-630,i-DE,300,Congested
FRIC_1221,42.983425,-5.691336,N-630,i-DE,300,Congested
FRIC_1222,40.506304,-5.67595,N-630,i-DE,300,Congested
FRIC_1223,40.89718,-5.664462,N-630,i-DE,300,Congested
FRIC_1224,43.331652,-5.871434,N-630,i-DE,300,Congested
FRIC_1225,42.551048,-5.582936,N-630,i-DE,300,Congested
FRIC_1226,40.35193,-5.833598,N-630A,i-DE,300,Congested
FRIC_1227,41.910526,-6.078754,N-631,i-DE,300,Congested
FRIC_1228,43.5529,-5.987575,N-632,i-DE,300,Congested
FRIC_1229,43.458927,-5.06128,N-632,i-DE,300,Congested
FRIC_1230,43.54651,-6.357838,N-632A,i-DE,300,Congested
FRIC_1231,43.303035,-2.881887,N-633,i-DE,300,Congested
FRIC_1232,43.228629,-2.400691,N-634,i-DE,300,Congested
FRIC_1233,43.432233,-5.061488,N-634,i-DE,300,Congested
FRIC_1234,43.347559,-4.338661,N-634,i-DE,300,Congested
FRIC_1235,43.28296,-2.154142,N-634,i-DE,300,Congested
FRIC_1236,42.958811,-8.31641,N-634,Endesa,300,Congested
FRIC_1237,43.391525,-6.012564,N-634,i-DE,300,Congested
FRIC_1238,43.344478,-3.159693,N-634,i-DE,300,Congested
FRIC_1239,43.534625,-6.522272,N-634,i-DE,300,Congested
FRIC_1240,43.361476,-3.193465,N-634,i-DE,300,Congested
FRIC_1241,43.483994,-6.431059,N-634,i-DE,300,Congested
FRIC_1242,43.313861,-4.261192,N-634,i-DE,300,Congested
FRIC_1243,43.195145,-2.696303,N-634,i-DE,300,Congested
FRIC_1244,43.231107,-2.82041,N-634,i-DE,300,Congested
FRIC_1245,43.275799,-2.02812,N-634-1,i-DE,300,Congested
FRIC_1246,43.268158,-2.048834,N-634-3,i-DE,300,Congested
FRIC_1247,43.27195,-2.053099,N-634-4,i-DE,300,Congested
FRIC_1248,43.185451,-2.477495,N-634-65,i-DE,300,Congested
FRIC_1249,43.284448,-2.329705,N-634-D,i-DE,300,Congested
FRIC_1250,43.278619,-2.113373,N-634-O,i-DE,300,Congested
FRIC_1251,43.284185,-2.157107,N-634-Z,i-DE,300,Congested
FRIC_1252,43.404537,-6.232783,N-634A,i-DE,300,Congested
FRIC_1253,43.378522,-5.587713,N-634R,i-DE,300,Congested
FRIC_1254,43.348715,-4.048503,N-634a,i-DE,300,Congested
FRIC_1255,43.388971,-3.74806,N-635,i-DE,300,Congested
FRIC_1256,43.38614,-3.743516,N-635A,i-DE,300,Congested
FRIC_1257,43.123646,-2.547156,N-636,i-DE,300,Congested
FRIC_1258,43.092751,-2.473724,N-636-28,i-DE,300,Congested
FRIC_1259,43.352584,-1.796862,N-638,i-DE,300,Congested
FRIC_1260,43.345783,-3.065533,N-639,i-DE,300,Congested
FRIC_1261,42.609637,-8.608719,N-640,Endesa,300,Congested
FRIC_1262,42.697993,-8.431311,N-640,Endesa,300,Congested
FRIC_1263,42.698403,-8.322448,N-640,Endesa,300,Congested
FRIC_1264,42.717864,-8.284393,N-640,Endesa,300,Congested
FRIC_1265,42.576426,-8.721635,N-640A,Endesa,300,Congested
FRIC_1266,43.525377,-7.045925,N-642,Endesa,300,Congested
FRIC_1267,43.55074,-6.029236,N-643,i-DE,300,Congested
FRIC_1268,43.338176,-3.049963,N-644,i-DE,300,Congested
FRIC_1269,43.350041,-8.201464,N-651,Endesa,300,Congested
FRIC_1270,43.523763,-8.229154,N-655,Endesa,300,Congested
FRIC_1271,42.587963,-6.523348,N-6A,Endesa,300,Congested
FRIC_1272,42.945805,-2.226537,N-I-406,i-DE,300,Congested
FRIC_1273,42.978269,-2.234807,N-I-409,i-DE,300,Congested
FRIC_1274,43.003683,-2.23496,N-I-412,i-DE,300,Congested
FRIC_1275,43.022252,-2.234505,N-I-414,i-DE,300,Congested
FRIC_1276,43.026111,-2.221139,N-I-416,i-DE,300,Congested
FRIC_1277,43.037046,-2.21731,N-I-417-A,i-DE,300,Congested
FRIC_1278,43.043144,-2.212395,N-I-417-B,i-DE,300,Congested
FRIC_1279,43.045257,-2.194005,N-I-419,i-DE,300,Congested
FRIC_1280,43.050057,-2.181634,N-I-420,i-DE,300,Congested
FRIC_1281,43.057643,-2.171274,N-I-422,i-DE,300,Congested
FRIC_1282,43.084388,-2.138765,N-I-426,i-DE,300,Congested
FRIC_1283,43.096144,-2.111744,N-I-428,i-DE,300,Congested
FRIC_1284,43.108986,-2.097108,N-I-431,i-DE,300,Congested
FRIC_1285,43.12278,-2.087885,N-I-433,i-DE,300,Congested
FRIC_1286,43.129,-2.079736,N-I-434,i-DE,300,Congested
FRIC_1287,43.146183,-2.069748,N-I-436,i-DE,300,Congested
FRIC_1288,43.162981,-2.067394,N-I-438,i-DE,300,Congested
FRIC_1289,43.168745,-2.065474,N-I-439,i-DE,300,Congested
FRIC_1290,43.179498,-2.054361,N-I-441,i-DE,300,Congested
FRIC_1291,43.190801,-2.051144,N-I-443,i-DE,300,Congested
FRIC_1292,43.198514,-2.036943,N-I-445,i-DE,300,Congested
FRIC_1293,43.218148,-2.025129,N-I-447-A,i-DE,300,Congested
FRIC_1294,43.225007,-2.02657,N-I-447-B,i-DE,300,Congested
FRIC_1295,43.25055,-2.021908,N-I-451,i-DE,300,Congested
FRIC_1296,43.266485,-2.016915,N-I-452,i-DE,300,Congested
FRIC_1297,43.273794,-2.015634,N-I-453,i-DE,300,Congested
FRIC_1298,41.45664,-1.425147,N-IIA,Endesa,300,Congested
FRIC_1299,35.269746,-2.935073,N-NADOR,Endesa,300,Congested
